ts_ms,raw_Sv_per_s,avg_Sv_per_s,total_Sv,alert,hot_abs,hot_rel,hot_thr,normF,calib_phase
1763421843923,0.00077002841,0.00023100852,0.000128440738636,0,0,81315,225,44000,0
1763421843955,0.00076080492,0.00038994744,0.000153787322443,0,0,80341,225,44000,0
1763421844015,0.00076205492,0.00050157969,0.000187393161506,0,0,80473,225,44000,0
1763421844048,0.0007622822,0.00057979044,0.000205946455597,0,0,80497,225,44000,0
1763421844086,0.00075944129,0.00063368569,0.000226224397824,0,0,80197,225,44000,0
1763421844112,0.00076017045,0.00067163112,0.000247716593747,0,0,80274,225,44000,0
1763421844185,0.00075708333,0.00069726679,0.000295130735182,0,0,79948,225,44000,0
1763421844215,0.00074793561,0.00071246743,0.000317929693002,0,0,78982,225,44000,0
1763421844252,0.00074078598,0.000720963,0.000341000508931,0,0,78227,225,44000,0
1763421844278,0.0007385322,0.00072623376,0.000365692456687,0,0,77989,225,44000,0
1763421844345,0.00073559659,0.00072904261,0.000413809268785,0,0,77679,225,44000,0
1763421844384,0.00072715909,0.00072847755,0.000437120550467,0,0,76788,225,44000,0
1763421844415,0.00071863636,0.0007255252,0.000461788407126,0,0,75888,225,44000,0
1763421844486,0.00071519886,0.0007224273,0.000506578899491,0,0,75525,225,44000,0
1763421844512,0.00070971591,0.00071861388,0.000535323454694,0,0,74946,225,44000,0
1763421844583,0.0007111553,0.00071637631,0.000578306033112,0,0,75098,225,44000,0
1763421844609,0.00070274621,0.00071228728,0.000604660662417,0,0,74210,225,44000,0
1763421844689,0.00070128788,0.00070898746,0.000649326872308,0,0,74056,225,44000,0
1763421844718,0.00069265152,0.00070408668,0.000679602599357,0,0,73144,225,44000,0
1763421844767,0.00068163826,0.00069735215,0.000716562263316,0,0,71981,225,44000,0
1763421844801,0.00067862689,0.00069173457,0.000738697769661,0,0,71663,225,44000,0
1763421844842,0.00066970644,0.00068512613,0.000763362310454,0,0,70721,225,44000,0
1763421844869,0.00066224432,0.00067826159,0.00078506668129,0,0,69933,225,44000,0
1763421844932,0.00065017992,0.00066983709,0.000827936255007,0,0,68659,225,44000,0
1763421844975,0.00065523674,0.00066545699,0.000851892706476,0,0,69193,225,44000,0
1763421845008,0.00065691288,0.00066289375,0.000873768200335,0,0,69370,225,44000,0
1763421845065,0.00064203598,0.00065663642,0.00091513629497,0,0,67799,225,44000,0
1763421845093,0.00063232008,0.00064934152,0.000935915223567,0,0,66773,225,44000,0
1763421845146,0.00063116477,0.00064388849,0.000959095209383,0,0,66651,225,44000,0
1763421845174,0.00063055871,0.00063988956,0.000984690791786,0,0,66587,225,44000,0
1763421845241,0.00062713068,0.0006360619,0.00102031025799,0,0,66225,225,44000,0
1763421845273,0.00062149621,0.00063169219,0.00104494625345,0,0,65630,225,44000,0
1763421845328,0.00061811553,0.00062761919,0.00108323102422,0,0,65273,225,44000,0
1763421845366,0.00061090909,0.00062260616,0.00110315442142,0,0,64512,225,44000,0
1763421845394,0.00060510417,0.00061735556,0.00112290979946,0,0,63899,225,44000,0
1763421845424,0.00060141098,0.00061257219,0.00114251210954,0,0,63509,225,44000,0
1763421845456,0.00059875947,0.00060842837,0.001164415531,0,0,63229,225,44000,0
1763421845488,0.00059227273,0.00060358168,0.00118373014475,0,0,62544,225,44000,0
1763421845524,0.00058763258,0.00059879695,0.00120289164711,0,0,62054,225,44000,0
1763421845564,0.00058145833,0.00059359536,0.00122188669876,0,0,61402,225,44000,0
1763421845590,0.00057591856,0.00058829232,0.00124247693007,0,0,60817,225,44000,0
1763421845656,0.00056858902,0.00058238133,0.00128033171656,0,0,60043,225,44000,0
1763421845694,0.00055772727,0.00057498511,0.00129873124019,0,0,58896,225,44000,0
1763421845725,0.00054977273,0.0005674214,0.00131688872491,0,0,58056,225,44000,0
1763421845820,0.00048462121,0.00054258134,0.00135378425615,0,0,51176,225,44000,0
1763421845856,0.00046152462,0.00051826433,0.00138384358704,0,0,48737,225,44000,0
1763421845893,0.00054892992,0.00052746401,0.00140388721924,0,0,57967,225,44000,0
1763421845925,0.00055557765,0.0005358981,0.00142264365271,0,0,58669,225,44000,0
1763421845993,0.00042232955,0.00050182753,0.00145526244236,0,0,44598,225,44000,0
1763421846023,0.00045799242,0.000488677,0.00147236613737,0,0,48364,225,44000,0
1763421846089,0.00049693182,0.00049115345,0.00150232649756,0,0,52476,225,44000,0
1763421846123,0.00045947917,0.00048165116,0.00151966593939,0,0,48521,225,44000,0
1763421846152,0.000445625,0.00047084331,0.00153520376874,0,0,47058,225,44000,0
1763421846221,0.00047553977,0.00047225225,0.00156495566056,0,0,50217,225,44000,0
1763421846252,0.00046877841,0.0004712101,0.00158144801401,0,0,49503,225,44000,0
1763421846278,0.00046288826,0.00046871355,0.00159691556104,0,0,48881,225,44000,0
1763421846310,0.00046001894,0.00046610516,0.00161183092629,0,0,48578,225,44000,0
1763421846340,0.00044087121,0.00045853498,0.00162650404561,0,0,46556,225,44000,0
1763421846372,0.00041342803,0.00044500289,0.00164074413822,0,0,43658,225,44000,0
1763421846415,0.00040633523,0.00043340259,0.0016563466316,0,0,42909,225,44000,0
1763421846453,0.00042171402,0.00042989602,0.00167010330426,0,0,44533,225,44000,0
1763421846480,0.00043766098,0.00043222551,0.0016852311971,0,0,46217,225,44000,0
1763421846537,0.000386875,0.00041862036,0.00171076703886,0,0,40854,225,44000,0
1763421846586,0.00037796402,0.00040642345,0.00172539828322,0,0,39913,225,44000,0
1763421846619,0.00039784091,0.00040384869,0.00173993683608,0,0,42012,225,44000,0
1763421846671,0.00039157197,0.00040016567,0.00176394677655,0,0,41350,225,44000,0
1763421846701,0.00037310606,0.00039204779,0.00177649230584,0,0,39400,225,44000,0
1763421846753,0.00036754735,0.00038469766,0.00179034142152,0,0,38813,225,44000,0
1763421846783,0.00037035038,0.00038039347,0.00180517676701,0,0,39109,225,44000,0
1763421846835,0.00036732955,0.0003764743,0.00182663580185,0,0,38790,225,44000,0
1763421846867,0.00035456439,0.00036990133,0.00183847264425,0,0,37442,225,44000,0
1763421846920,0.00034079545,0.00036116956,0.00185147474855,0,0,35988,225,44000,0
1763421846955,0.00034256629,0.00035558858,0.00186640946895,0,0,36175,225,44000,0
1763421847011,0.00033888258,0.00035057678,0.00188534061504,0,0,35786,225,44000,0
1763421847042,0.00032160038,0.00034188386,0.00189799031784,0,0,33961,225,44000,0
1763421847111,0.00031931818,0.00033511416,0.00191910250967,0,0,33720,225,44000,0
1763421847141,0.00031722538,0.00032974752,0.00193130316801,0,0,33499,225,44000,0
1763421847213,0.00029213068,0.00031846247,0.00195009245378,0,0,30849,225,44000,0
1763421847249,0.00027574811,0.00030564816,0.00196323532471,0,0,29119,225,44000,0
1763421847303,0.00028988636,0.00030091962,0.00198038774316,0,0,30612,225,44000,0
1763421847337,0.00028904356,0.0002973568,0.00199020051767,0,0,30523,225,44000,0
1763421847410,0.00027289773,0.00029001908,0.00200963179608,0,0,28818,225,44000,0
1763421847449,0.00025788826,0.00028037983,0.00202112736926,0,0,27233,225,44000,0
1763421847505,0.00027375947,0.00027839372,0.00203643902411,0,0,28909,225,44000,0
1763421847542,0.00026690341,0.00027494663,0.00204716194268,0,0,28185,225,44000,0
1763421847608,0.00025018939,0.00026751946,0.00206348062968,0,0,26420,225,44000,0
1763421847654,0.00025071023,0.00026247669,0.00207450465064,0,0,26475,225,44000,0
1763421847707,0.00026057765,0.00026190698,0.00208969525538,0,0,27517,225,44000,0
1763421847743,0.00024427083,0.00025661613,0.0021002165169,0,0,25795,225,44000,0
1763421847804,0.00023050189,0.00024878186,0.00211389951933,0,0,24341,225,44000,0
1763421847849,0.00023017992,0.00024320128,0.00212435717442,0,0,24307,225,44000,0
1763421847891,0.00021090909,0.00023351362,0.00213766745098,0,0,22272,225,44000,0
1763421847921,0.00020257576,0.00022423226,0.00214484288343,0,0,21392,225,44000,0
1763421847953,0.00020182765,0.00021751088,0.0021518032316,0,0,21313,225,44000,0
1763421847994,0.00019931818,0.00021205307,0.00215858892987,0,0,21048,225,44000,0
1763421848023,0.00018765152,0.0002047326,0.00216595930361,0,0,19816,225,44000,0
1763421848102,0.00017195076,0.00019489805,0.00217843277882,0,0,18158,225,44000,0
1763421848138,0.00017837121,0.00018994,0.00218679013877,0,0,18836,225,44000,0
1763421848204,0.00017944129,0.00018679039,0.00219725040035,0,0,18949,225,44000,0
1763421848245,0.00016620265,0.00018061407,0.00220555864735,0,0,17551,225,44000,0
1763421848296,0.00022124053,0.000192802,0.00221519874759,0,0,23363,225,44000,0
1763421848335,0.00023982955,0.00020691027,0.00222388897881,0,0,25326,225,44000,0
1763421848398,0.0002338447,0.0002149906,0.00223635843337,0,0,24694,225,44000,0
1763421848440,0.00021581439,0.00021523774,0.00224582889373,0,0,22790,225,44000,0
1763421848488,0.00023429924,0.00022095619,0.00225731861548,0,0,24742,225,44000,0
1763421848527,0.00022741477,0.00022289376,0.00226578857848,0,0,24015,225,44000,0
1763421848586,0.0002134375,0.00022005688,0.00227943210529,0,0,22539,225,44000,0
1763421848619,0.00020901515,0.00021674436,0.00228723490241,0,0,22072,225,44000,0
1763421848688,0.00019891098,0.00021139435,0.00230076414084,0,0,21005,225,44000,0
1763421848717,0.00019342803,0.00020600445,0.00230859231011,0,0,20426,225,44000,0
1763421848788,0.00016921402,0.00019496732,0.00231990041482,0,0,17869,225,44000,0
1763421848819,0.00016840909,0.00018699985,0.00232775440866,0,0,17784,225,44000,0
1763421848873,0.00016099432,0.00017919819,0.00233814790383,0,0,17001,225,44000,0
1763421848910,0.00014226326,0.00016811771,0.00234352767062,0,0,15023,225,44000,0
1763421848944,0.00013393939,0.00015786422,0.00234857932555,0,0,14144,225,44000,0
1763421849006,0.00012931818,0.00014930041,0.00235873175317,0,0,13656,225,44000,0
1763421849036,0.00012647727,0.00014245347,0.00236329026409,0,0,13356,225,44000,0
1763421849076,0.00012039773,0.00013583674,0.00236763703991,0,0,12714,225,44000,0
1763421849109,0.00012337121,0.00013209708,0.0023721283408,0,0,13028,225,44000,0
1763421849170,0.00010481061,0.00012391114,0.00238030647611,0,0,11068,225,44000,0
1763421849202,0.00010113636,0.00011707871,0.00238405299477,0,0,10680,225,44000,0
1763421849242,9.2007576e-05,0.00010955737,0.00238755883055,0,0,9716,225,44000,0
1763421849272,8.0804924e-05,0.00010093164,0.00239119236941,0,0,8533,225,44000,0
1763421849336,7.4195076e-05,9.2910667e-05,0.00239713865212,0,0,7835,225,44000,0
1763421849369,8.0407197e-05,8.9159626e-05,0.00239999176016,0,0,8491,225,44000,0
1763421849405,9.2140152e-05,9.0053784e-05,0.00240287348124,0,0,9730,225,44000,0
1763421849435,0.00010145833,9.3475149e-05,0.00240614511144,0,0,10714,225,44000,0
1763421849497,0.00010173295,9.595249e-05,0.00241238202332,0,0,10743,225,44000,0
1763421849536,0.00011349432,0.00010121504,0.00241562090456,0,0,11985,225,44000,0
1763421849571,0.00011340909,0.00010487325,0.00241918659521,0,0,11976,225,44000,0
1763421849631,0.0001138447,0.00010756469,0.00242628586456,0,0,12022,225,44000,0
1763421849659,0.00011227273,0.0001089771,0.00242977313173,0,0,11856,225,44000,0
1763421849703,0.00011361742,0.0001103692,0.00243330494603,0,0,11998,225,44000,0
1763421849736,0.00011590909,0.00011203116,0.00243745009913,0,0,12240,225,44000,0
1763421849794,0.00011143939,0.00011185363,0.00244449687805,0,0,11768,225,44000,0
1763421849828,0.00010920455,0.00011105891,0.00244805076308,0,0,11532,225,44000,0
1763421849869,0.0001100947,0.00011076964,0.0024515953917,0,0,11626,225,44000,0
1763421849902,0.00010848485,0.00011008421,0.00245588867571,0,0,11456,225,44000,0
1763421849980,0.00010392045,0.00010823508,0.0024624910156,0,0,10974,225,44000,0
1763421850021,0.000105,0.00010726456,0.0024678542434,0,0,11088,225,44000,0
1763421850055,0.00010794508,0.00010746871,0.00247279780416,0,0,11399,225,44000,0
1763421850096,0.0001045928,0.00010660594,0.00247620919422,0,0,11045,225,44000,0
1763421850122,0.00010011364,0.00010465825,0.00248018620766,0,0,10572,225,44000,0
1763421850202,0.00010145833,0.00010369827,0.00248661550064,0,0,10714,225,44000,0
1763421850230,0.00010094697,0.00010287288,0.00249114190747,0,0,10660,225,44000,0
1763421850290,9.2642045e-05,9.9803631e-05,0.00249673091084,0,0,9783,225,44000,0
1763421850327,8.8162879e-05,9.6311406e-05,0.00249981287582,0,0,9310,225,44000,0
1763421850358,8.4848485e-05,9.2872529e-05,0.00250324915941,0,0,8960,225,44000,0
1763421850440,7.9441288e-05,8.8843157e-05,0.0025088462783,0,0,8389,225,44000,0
1763421850478,7.5142045e-05,8.4732824e-05,0.00251308291947,0,0,7935,225,44000,0
1763421850518,6.6278409e-05,7.9196499e-05,0.00251672595843,0,0,6999,225,44000,0
1763421850544,6.2102273e-05,7.4068231e-05,0.00251909614183,0,0,6558,225,44000,0
1763421850627,5.5426136e-05,6.8475603e-05,0.00252375248282,0,0,5853,225,44000,0
1763421850666,5.4545455e-05,6.4296558e-05,0.00252638864171,0,0,5760,225,44000,0
1763421850710,4.9839015e-05,5.9959295e-05,0.00252968640296,0,0,5263,225,44000,0
1763421850745,4.9034091e-05,5.6681734e-05,0.00253172694538,0,0,5178,225,44000,0
1763421850787,4.8863636e-05,5.4336305e-05,0.00253346570713,0,0,5160,225,44000,0
1763421850821,4.9289773e-05,5.2822345e-05,0.0025354201339,0,0,5205,225,44000,0
1763421850874,4.9270833e-05,5.1756892e-05,0.00253847379051,0,0,5203,225,44000,0
1763421850908,4.6174242e-05,5.0082097e-05,0.00254027674599,0,0,4876,225,44000,0
1763421850955,3.7916667e-05,4.6432468e-05,0.00254176258496,0,0,4004,225,44000,0
1763421850986,2.719697e-05,4.0661818e-05,0.00254342971952,0,0,2872,225,44000,0
1763421851038,0,2.8463273e-05,0.00254499519952,0,0,29,225,44000,0
1763421851076,0,1.9924291e-05,0.002545712474,0,0,29,225,44000,0
1763421851117,0,1.3947004e-05,0.00254615877812,0,0,238,225,44000,0
1763421851146,6.3636364e-06,1.1671993e-05,0.00254662565786,0,0,672,225,44000,0
1763421851203,2.2263258e-05,1.4849373e-05,0.00254745722273,0,0,2351,225,44000,0
1763421851245,3.3721591e-05,2.0511038e-05,0.0025481956201,0,0,3561,225,44000,0
1763421851284,4.875947e-05,2.8985568e-05,0.00254921011497,0,0,5149,225,44000,0
1763421851337,8.7026515e-05,4.6397852e-05,0.00255204038394,0,0,9190,225,44000,0
1763421851363,0.0001066572,6.4475655e-05,0.00255410360491,0,0,11263,225,44000,0
1763421851415,0.00012627841,8.3016482e-05,0.00255709219824,0,0,13335,225,44000,0
1763421851452,0.00014612689,0.00010194961,0.00256127213206,0,0,15431,225,44000,0
1763421851499,0.00017448864,0.00012371131,0.00256807625436,0,0,18426,225,44000,0
1763421851528,0.00018486742,0.00014205815,0.00257262211508,0,0,19522,225,44000,0
1763421851579,0.00019548295,0.00015808559,0.00257831319631,0,0,20643,225,44000,0
1763421851610,0.00020581439,0.00017240423,0.00258538176977,0,0,21734,225,44000,0
1763421851661,0.00022476326,0.00018811194,0.00259572792641,0,0,23735,225,44000,0
1763421851703,0.0002307197,0.00020089427,0.00260296012,0,0,24364,225,44000,0
1763421851743,0.00023292614,0.00021050383,0.0026099067463,0,0,24597,225,44000,0
1763421851799,0.00023420455,0.00021761404,0.002623616431,0,0,24732,225,44000,0
1763421851838,0.00022926136,0.00022110824,0.00263091300288,0,0,24210,225,44000,0
1763421851899,0.00021982008,0.00022072179,0.00264570136282,0,0,23213,225,44000,0
1763421851924,0.00021236742,0.00021821548,0.00265290247367,0,0,22426,225,44000,0
1763421852008,0.00020015152,0.00021279629,0.00266630863999,0,0,21136,225,44000,0
1763421852038,0.00019219697,0.00020661649,0.00267581299873,0,0,20296,225,44000,0
1763421852091,0.0001805303,0.00019879064,0.00268654769313,0,0,19064,225,44000,0
1763421852129,0.00017563447,0.00019184379,0.00269268669431,0,0,18547,225,44000,0
1763421852169,0.00017028409,0.00018537588,0.00269917485004,0,0,17982,225,44000,0
1763421852229,0.00016572917,0.00017948186,0.00271084117124,0,0,17501,225,44000,0
1763421852255,0.00016247159,0.00017437878,0.00271694442863,0,0,17157,225,44000,0
1763421852335,0.00015721591,0.00016922992,0.00272726745378,0,0,16602,225,44000,0
1763421852365,0.00015193182,0.00016404049,0.00273464927582,0,0,16044,225,44000,0
1763421852421,0.00014518939,0.00015838516,0.00274336045968,0,0,15332,225,44000,0
1763421852462,0.00014388258,0.00015403439,0.00274828956001,0,0,15194,225,44000,0
1763421852494,0.00013852273,0.00014938089,0.00275426479553,0,0,14628,225,44000,0
1763421852571,0.00013148674,0.00014401264,0.00276290555419,0,0,13885,225,44000,0
1763421852606,0.00012756629,0.00013907874,0.00276972041232,0,0,13471,225,44000,0
1763421852659,0.00012344697,0.00013438921,0.00277603670506,0,0,13036,225,44000,0
1763421852691,0.0001180303,0.00012948154,0.00278134544803,0,0,12464,225,44000,0
1763421852758,0.00011267045,0.00012443821,0.0027886873025,0,0,11898,225,44000,0
1763421852787,0.00011047348,0.00012024879,0.00279349725424,0,0,11666,225,44000,0
1763421852852,0.00010558712,0.00011585029,0.00280044827175,0,0,11150,225,44000,0
1763421852891,9.9867424e-05,0.00011105543,0.00280422415642,0,0,10546,225,44000,0
1763421852946,9.5435606e-05,0.00010636948,0.00281081906442,0,0,10078,225,44000,0
1763421852972,9.3655303e-05,0.00010255523,0.00281410083177,0,0,9890,225,44000,0
1763421853016,8.7547348e-05,9.8052865e-05,0.00281763073492,0,0,9245,225,44000,0
1763421853054,8.0823864e-05,9.2884165e-05,0.00282078879653,0,0,8535,225,44000,0
1763421853122,6.9602273e-05,8.5899597e-05,0.00282611457155,0,0,7350,225,44000,0
1763421853149,6.3399621e-05,7.9149604e-05,0.00282959715414,0,0,6695,225,44000,0
1763421853221,4.4337121e-05,6.8705859e-05,0.00283344468227,0,0,4682,225,44000,0
1763421853251,3.4507576e-05,5.8446374e-05,0.00283595787637,0,0,3644,225,44000,0
1763421853335,2.2443182e-05,4.7645417e-05,0.00283867366511,0,0,2370,225,44000,0
1763421853373,1.6212121e-05,3.8215428e-05,0.00284085194451,0,0,1712,225,44000,0
1763421853404,5.6912879e-06,2.8458186e-05,0.00284196181376,0,0,601,225,44000,0
1763421853433,3.5037879e-06,2.0971867e-05,0.00284263291349,0,0,370,225,44000,0
1763421853471,3.125e-06,1.5617807e-05,0.00284319515452,0,0,330,225,44000,0
1763421853511,6.7897727e-06,1.2969396e-05,0.00284361017521,0,0,717,225,44000,0
1763421853541,1.6401515e-05,1.3999032e-05,0.00284412813939,0,0,1732,225,44000,0
1763421853602,4.4659091e-05,2.319705e-05,0.00284549676533,0,0,4716,225,44000,0
1763421853641,6.4214015e-05,3.5502139e-05,0.00284677484234,0,0,6781,225,44000,0
1763421853678,8.6846591e-05,5.0905475e-05,0.00284855653396,0,0,9171,225,44000,0
1763421853734,0.00011785038,7.0988946e-05,0.00285288685967,0,0,12445,225,44000,0
1763421853759,0.0001279072,8.8064421e-05,0.00285570492115,0,0,13507,225,44000,0
1763421853809,0.00014118371,0.00010400021,0.00285944892866,0,0,14909,225,44000,0
1763421853846,0.00015887311,0.00012046208,0.00286414694969,0,0,16777,225,44000,0
1763421853894,0.00018173295,0.00013884334,0.00287206102012,0,0,19191,225,44000,0
1763421853924,0.00018868371,0.00015379545,0.00287713627004,0,0,19925,225,44000,0
1763421853974,0.00019970644,0.00016756875,0.00288300117623,0,0,21089,225,44000,0
1763421854006,0.00020931818,0.00018009358,0.00289020491937,0,0,22104,225,44000,0
1763421854060,0.00022132576,0.00019246323,0.00290098286037,0,0,23372,225,44000,0
1763421854106,0.00022723485,0.00020289472,0.00290747549131,0,0,23996,225,44000,0
1763421854144,0.00023674242,0.00021304903,0.0029168496486,0,0,25000,225,44000,0
1763421854190,0.00025049242,0.00022428205,0.00292940944327,0,0,26452,225,44000,0
1763421854221,0.00024856061,0.00023156562,0.00293681954296,0,0,26248,225,44000,0
1763421854260,0.00024921402,0.00023686014,0.00294439906729,0,0,26317,225,44000,0
1763421854304,0.00025039773,0.00024092141,0.00295307223815,0,0,26442,225,44000,0
1763421854334,0.00024537879,0.00024225863,0.00296324710041,0,0,25912,225,44000,0
1763421854387,0.00024378788,0.0002427174,0.00297635384009,0,0,25744,225,44000,0
1763421854428,0.00024099432,0.00024220048,0.00298410425533,0,0,25449,225,44000,0
1763421854466,0.00024191288,0.0002421142,0.00299330459482,0,0,25546,225,44000,0
1763421854520,0.0002392803,0.00024126403,0.00300826296461,0,0,25268,225,44000,0
1763421854549,0.00023464015,0.00023927687,0.00301591982432,0,0,24778,225,44000,0
1763421854602,0.00022922348,0.00023626085,0.00302442521497,0,0,24206,225,44000,0
1763421854635,0.000226875,0.0002334451,0.00303469679919,0,0,23958,225,44000,0
1763421854683,0.00021970644,0.0002293235,0.00304662162114,0,0,23201,225,44000,0
1763421854717,0.00021168561,0.00022403213,0.00305379064934,0,0,22354,225,44000,0
1763421854768,0.00020986742,0.00021978272,0.00306170282722,0,0,22162,225,44000,0
1763421854805,0.00021201705,0.00021745302,0.003071705666,0,0,22389,225,44000,0
1763421854865,0.00020659091,0.00021419438,0.00308241538524,0,0,21816,225,44000,0
1763421854906,0.00020032197,0.00021003266,0.00309228692026,0,0,21154,225,44000,0
1763421854958,0.00019689394,0.00020609104,0.00310320974559,0,0,20792,225,44000,0
1763421854994,0.00018511364,0.00019979782,0.00311120165846,0,0,19548,225,44000,0
1763421855062,0.00017847538,0.00019340109,0.00312203211943,0,0,18847,225,44000,0
1763421855106,0.00017026515,0.00018646031,0.00313098221419,0,0,17980,225,44000,0
1763421855156,0.0001649053,0.00017999381,0.00314034189212,0,0,17414,225,44000,0
1763421855195,0.00016145833,0.00017443316,0.00314766808502,0,0,17050,225,44000,0
1763421855259,0.00014785038,0.00016645833,0.00315732266808,0,0,15613,225,44000,0
1763421855305,0.00014145833,0.00015895833,0.00316447579294,0,0,14938,225,44000,0
1763421855354,0.00013789773,0.00015264015,0.00317226044055,0,0,14562,225,44000,0
1763421855391,0.00013149621,0.00014629697,0.00317869750715,0,0,13886,225,44000,0
1763421855456,0.00013143939,0.0001418397,0.00318664053011,0,0,13880,225,44000,0
1763421855501,0.00012966856,0.00013818836,0.00319299719446,0,0,13693,225,44000,0
1763421855547,0.0001216572,0.00013322901,0.00319965864485,0,0,12847,225,44000,0
1763421855585,0.00010925189,0.00012603587,0.00320482611567,0,0,11537,225,44000,0
1763421855646,0.00010449811,0.00011957454,0.00321188101372,0,0,11035,225,44000,0
1763421855687,0.00010045455,0.00011383854,0.00321654839403,0,0,10608,225,44000,0
1763421855753,0.0001021875,0.00011034323,0.00322305864464,0,0,10791,225,44000,0
1763421855791,9.749053e-05,0.00010648742,0.00322806355341,0,0,10295,225,44000,0
1763421855841,8.7329545e-05,0.00010074006,0.00323299981626,0,0,9222,225,44000,0
1763421855879,8.3570076e-05,9.5589063e-05,0.00323672778973,0,0,8825,225,44000,0
1763421855945,7.5965909e-05,8.9702117e-05,0.00324219961888,0,0,8022,225,44000,0
1763421855988,7.5369318e-05,8.5402277e-05,0.0032458719168,0,0,7959,225,44000,0
1763421856037,6.6316288e-05,7.9676481e-05,0.0032504134762,0,0,7003,225,44000,0
1763421856067,5.7405303e-05,7.2995127e-05,0.00325296830565,0,0,6062,225,44000,0
1763421856128,5.9034091e-05,6.8806816e-05,0.00325716552145,0,0,6234,225,44000,0
1763421856168,5.5435606e-05,6.4795453e-05,0.00325923897596,0,0,5854,225,44000,0
1763421856198,4.6183712e-05,5.9211931e-05,0.00326154824126,0,0,4877,225,44000,0
1763421856270,4.6998106e-05,5.5547783e-05,0.00326493665606,0,0,4963,225,44000,0
1763421856305,4.1041667e-05,5.1195948e-05,0.00326698449399,0,0,4334,225,44000,0
1763421856366,3.7935606e-05,4.7217846e-05,0.00326981756474,0,0,4006,225,44000,0
1763421856391,3.9232955e-05,4.4822378e-05,0.00327143117036,0,0,4143,225,44000,0
1763421856478,3.1136364e-05,4.0716574e-05,0.00327387416479,0,0,3288,225,44000,0
1763421856509,2.5104167e-05,3.6032852e-05,0.00327574787309,0,0,2651,225,44000,0
1763421856554,2.5132576e-05,3.2762769e-05,0.003277320486,0,0,2654,225,44000,0
1763421856587,2.3191288e-05,2.9891325e-05,0.00327827700838,0,0,2449,225,44000,0
1763421856628,1.7452652e-05,2.6159723e-05,0.00327911411951,0,0,1843,225,44000,0
1763421856657,1.311553e-05,2.2246465e-05,0.00327995948518,0,0,1385,225,44000,0
1763421856720,1.9943182e-05,2.155548e-05,0.00328129592494,0,0,2106,225,44000,0
1763421856754,1.5151515e-05,1.9634291e-05,0.00328192422224,0,0,1600,225,44000,0
1763421856790,1.0662879e-05,1.6942867e-05,0.00328246639399,0,0,1126,225,44000,0
1763421856854,1.0653409e-05,1.505603e-05,0.003283490204,0,0,1125,225,44000,0
1763421856879,8.3901515e-06,1.3056266e-05,0.00328390800452,0,0,886,225,44000,0
1763421856921,7.7083333e-06,1.1451886e-05,0.00328427446488,0,0,814,225,44000,0
1763421856956,6.3825758e-06,9.9310932e-06,0.00328462205314,0,0,674,225,44000,0
1763421857015,6.3920455e-06,8.8693789e-06,0.00328519856277,0,0,675,225,44000,0
1763421857050,4.6306818e-06,7.5977697e-06,0.0032854416914,0,0,489,225,44000,0
1763421857088,3.0208333e-06,6.2246888e-06,0.00328564710613,0,0,319,225,44000,0
1763421857148,0,4.3572822e-06,0.00328592161491,0,0,286,225,44000,0
1763421857189,0,3.0500975e-06,0.00328603141842,0,0,265,225,44000,0
1763421857222,0,2.1350683e-06,0.00328611468608,0,0,225,225,44000,0
1763421857293,0,1.4945478e-06,0.00328619987531,0,0,187,225,44000,0
1763421857325,0,1.0461835e-06,0.00328624904593,0,0,172,225,44000,0
1763421857385,0,7.3232842e-07,0.00328628785934,0,0,77,225,44000,0
1763421857413,0,5.1262989e-07,0.0032863078519,0,0,59,225,44000,0
1763421857485,0,3.5884092e-07,0.0032863297412,0,0,103,225,44000,0
1763421857522,0,2.5118865e-07,0.00328633953755,0,0,40,225,44000,0
1763421857571,0,1.7583205e-07,0.00328634955998,0,0,32,225,44000,0
1763421857602,0,1.2308244e-07,0.00328635349862,0,0,21,225,44000,0
1763421857646,0,8.6157706e-08,0.0032863566003,0,0,101,225,44000,0
1763421857684,0,6.0310394e-08,0.00328635877147,0,0,130,225,44000,0
1763421857736,0,4.2217276e-08,0.00328636130451,0,0,98,225,44000,0
1763421857763,0,2.9552093e-08,0.00328636225017,0,0,184,225,44000,0
1763421857816,0,2.0686465e-08,0.00328636299489,0,0,274,225,44000,0
1763421857848,0,1.4480526e-08,0.00328636360307,0,0,249,225,44000,0
1763421857910,0,1.0136368e-08,0.00328636415043,0,0,262,225,44000,0
1763421857941,3.3996212e-06,1.0269818e-06,0.00328640522971,0,0,359,225,44000,0
1763421858009,5.1231061e-06,2.2558191e-06,0.00328654057885,0,0,541,225,44000,0
1763421858037,5.7859848e-06,3.3148688e-06,0.00328666985874,0,0,611,225,44000,0
1763421858101,6.1458333e-06,4.1641582e-06,0.00328690721575,0,0,649,225,44000,0
1763421858141,5.3219697e-06,4.5115016e-06,0.00328706962981,0,0,562,225,44000,0
1763421858171,5.1799242e-06,4.7120284e-06,0.00328725339892,0,0,547,225,44000,0
1763421858227,5.4261364e-06,4.9262608e-06,0.00328753912204,0,0,573,225,44000,0
1763421858268,4.7064394e-06,4.8603144e-06,0.00328768979179,0,0,497,225,44000,0
1763421858304,0,3.4022201e-06,0.00328781907615,0,0,58,225,44000,0
1763421858358,0,2.381554e-06,0.0032879667325,0,0,149,225,44000,0
1763421858390,0,1.6670878e-06,0.00328802007931,0,0,293,225,44000,0
1763421858432,1.9725379e-05,7.0845751e-06,0.00328824678572,0,0,2083,225,44000,0
1763421858468,4.4412879e-06,6.2915889e-06,0.0032884858661,0,0,469,225,44000,0
1763421858522,0,4.4041123e-06,0.00328875892106,0,0,90,225,44000,0
1763421858554,0,3.0828786e-06,0.00328885757317,0,0,109,225,44000,0
1763421858596,4.3844697e-06,3.4733559e-06,0.00328896872056,0,0,463,225,44000,0
1763421858627,3.2102273e-06,3.3944173e-06,0.00328909770842,0,0,339,225,44000,0
1763421858687,0,2.3760921e-06,0.00328924502613,0,0,153,225,44000,0
1763421858723,5.5965909e-06,3.3422418e-06,0.00328935197787,0,0,591,225,44000,0
1763421858767,9.7916667e-06,5.2770692e-06,0.00328954195236,0,0,1034,225,44000,0
1763421858796,9.6117424e-06,6.5774712e-06,0.00328981162868,0,0,1015,225,44000,0
1763421858853,1.8693182e-05,1.0212184e-05,0.00329037329882,0,0,1974,225,44000,0
1763421858889,2.4460227e-05,1.4486597e-05,0.00329083686993,0,0,2583,225,44000,0
1763421858927,2.9232955e-05,1.8910504e-05,0.00329151764809,0,0,3087,225,44000,0
1763421858956,3.4176136e-05,2.3490194e-05,0.00329238678527,0,0,3609,225,44000,0
1763421859014,4.8276515e-05,3.092609e-05,0.0032942114246,0,0,5098,225,44000,0
1763421859056,5.2945076e-05,3.7531786e-05,0.00329541244175,0,0,5591,225,44000,0
1763421859090,5.9090909e-05,4.3999523e-05,0.00329712842315,0,0,6240,225,44000,0
1763421859146,6.9346591e-05,5.1603643e-05,0.00330027624539,0,0,7323,225,44000,0
1763421859177,7.2462121e-05,5.7861187e-05,0.00330212780336,0,0,7652,225,44000,0
1763421859222,7.5416667e-05,6.3127831e-05,0.00330414789394,0,0,7964,225,44000,0
1763421859253,7.6856061e-05,6.72463e-05,0.00330683774593,0,0,8116,225,44000,0
1763421859336,7.7594697e-05,7.0350819e-05,0.00331105879506,0,0,8194,225,44000,0
1763421859374,7.7367424e-05,7.24558e-05,0.00331497140829,0,0,8170,225,44000,0
1763421859412,7.5823864e-05,7.3466219e-05,0.00331835085438,0,0,8007,225,44000,0
1763421859440,7.3787879e-05,7.3562717e-05,0.00332070486133,0,0,7792,225,44000,0
1763421859472,7.3039773e-05,7.3405834e-05,0.00332305384802,0,0,7713,225,44000,0
1763421859512,7.0814394e-05,7.2628402e-05,0.00332537795688,0,0,7478,225,44000,0
1763421859551,6.5975379e-05,7.0632495e-05,0.0033277794617,0,0,6967,225,44000,0
1763421859607,6.1903409e-05,6.8013769e-05,0.00333226837047,0,0,6537,225,44000,0
1763421859637,6.0179924e-05,6.5663616e-05,0.00333436960617,0,0,6355,225,44000,0
1763421859679,5.4867424e-05,6.2424758e-05,0.00333636719844,0,0,5794,225,44000,0
1763421859711,5.0416667e-05,5.8822331e-05,0.00333854362468,0,0,5324,225,44000,0
1763421859771,4.4450758e-05,5.4510859e-05,0.00334197780878,0,0,4694,225,44000,0
1763421859803,3.9791667e-05,5.0095101e-05,0.00334358085202,0,0,4202,225,44000,0
1763421859846,3.6420455e-05,4.5992707e-05,0.00334505261865,0,0,3846,225,44000,0
1763421859875,3.0511364e-05,4.1348304e-05,0.00334670655082,0,0,3222,225,44000,0
1763421859936,2.6960227e-05,3.7031881e-05,0.00334892846368,0,0,2847,225,44000,0
1763421859971,2.436553e-05,3.3231976e-05,0.00334999188691,0,0,2573,225,44000,0
1763421860008,2.2310606e-05,2.9955565e-05,0.00335098042055,0,0,2356,225,44000,0
1763421860069,2.0729167e-05,2.7187645e-05,0.00335280199279,0,0,2189,225,44000,0
1763421860096,1.9782197e-05,2.4966011e-05,0.00335360090514,0,0,2089,225,44000,0
1763421860137,1.8541667e-05,2.3038708e-05,0.00335433814379,0,0,1958,225,44000,0
1763421860174,1.6818182e-05,2.117255e-05,0.00335507918303,0,0,1776,225,44000,0
1763421860239,2.2073864e-05,2.1442944e-05,0.00335647297439,0,0,2331,225,44000,0
1763421860278,2.2689394e-05,2.1816879e-05,0.00335728019892,0,0,2396,225,44000,0
1763421860325,1.9412879e-05,2.1095679e-05,0.00335852484397,0,0,2050,225,44000,0
1763421860358,1.90625e-05,2.0485725e-05,0.00335926233008,0,0,2013,225,44000,0
1763421860403,1.78125e-05,1.9683758e-05,0.00335989221033,0,0,1881,225,44000,0
1763421860441,1.657197e-05,1.8750221e-05,0.00336058596851,0,0,1750,225,44000,0
1763421860496,1.2869318e-05,1.698595e-05,0.00336158813959,0,0,1359,225,44000,0
1763421860538,1.3257576e-05,1.5867438e-05,0.00336215936735,0,0,1400,225,44000,0
1763421860569,1.4668561e-05,1.5507775e-05,0.00336277967834,0,0,1549,225,44000,0
1763421860622,1.1988636e-05,1.4452033e-05,0.0033635889922,0,0,1266,225,44000,0
1763421860659,1.1382576e-05,1.3531196e-05,0.00336402199048,0,0,1202,225,44000,0
1763421860703,1.1875e-05,1.3034337e-05,0.00336449122662,0,0,1254,225,44000,0
1763421860732,1.0852273e-05,1.2379718e-05,0.00336499879505,0,0,1146,225,44000,0
1763421860807,8.2386364e-06,1.1137393e-05,0.00336561135169,0,0,870,225,44000,0
1763421860849,7.092803e-06,9.9240163e-06,0.00336609762848,0,0,749,225,44000,0
1763421860888,7.3200758e-06,9.1428341e-06,0.00336656391302,0,0,773,225,44000,0
1763421860918,5.3219697e-06,7.9965748e-06,0.00336681980342,0,0,562,225,44000,0
1763421860947,0,5.5976024e-06,0.00336699892669,0,0,257,225,44000,0
1763421860993,0,3.9183217e-06,0.00336712431299,0,0,171,225,44000,0
1763421861027,0,2.7428252e-06,0.00336723128317,0,0,247,225,44000,0
1763421861084,8.7121212e-06,4.533614e-06,0.00336750783362,0,0,920,225,44000,0
1763421861115,0,3.1735298e-06,0.00336760938657,0,0,163,225,44000,0
1763421861155,0,2.2214708e-06,0.00336768047364,0,0,88,225,44000,0
1763421861187,0,1.5550296e-06,0.00336773800974,0,0,236,225,44000,0
1763421861246,4.0151515e-06,2.2930662e-06,0.0033678824729,0,0,424,225,44000,0
1763421861283,0,1.6051463e-06,0.00336793383759,0,0,168,225,44000,0
1763421861321,0,1.1236024e-06,0.00336797091647,0,0,157,225,44000,0
1763421861352,0,7.865217e-07,0.00336800080429,0,0,216,225,44000,0
1763421861412,0,5.5056519e-07,0.00336803438877,0,0,153,225,44000,0
1763421861454,0,3.8539563e-07,0.00336804672143,0,0,81,225,44000,0
1763421861493,0,2.6977694e-07,0.00336805751251,0,0,113,225,44000,0
1763421861541,0,1.8884386e-07,0.00336806884314,0,0,78,225,44000,0
1763421861572,0,1.321907e-07,0.00336807307324,0,0,71,225,44000,0
1763421861613,0,9.2533491e-08,0.00336807603431,0,0,69,225,44000,0
1763421861651,0,6.4773444e-08,0.00336807836616,0,0,43,225,44000,0
1763421861679,0,4.5341411e-08,0.00336808004379,0,0,49,225,44000,0
1763421861740,0,3.1738987e-08,0.00336808191639,0,0,53,225,44000,0
1763421861780,0,2.2217291e-08,0.00336808262734,0,0,29,225,44000,0
1763421861811,0,1.5552104e-08,0.00336808321832,0,0,33,225,44000,0
1763421861871,0,1.0886473e-08,0.00336808389328,0,0,30,225,44000,0
1763421861904,0,7.6205309e-09,0.00336808413714,0,0,31,225,44000,0
1763421861945,0,5.3343716e-09,0.00336808430784,0,0,33,225,44000,0
1763421861975,0,3.7340601e-09,0.00336808445347,0,0,13,225,44000,0
1763421862036,0,2.6138421e-09,0.00336808461291,0,0,11,225,44000,0
1763421862071,0,1.8296895e-09,0.00336808467146,0,0,21,225,44000,0
1763421862109,0,1.2807826e-09,0.00336808471373,0,0,8,225,44000,0
1763421862171,0,8.9654784e-10,0.0033680847738,0,0,14,225,44000,0
1763421862211,0,6.2758349e-10,0.00336808479451,0,0,8,225,44000,0
1763421862272,0,4.3930844e-10,0.00336808482218,0,0,27,225,44000,0
1763421862315,0,3.0751591e-10,0.00336808483387,0,0,25,225,44000,0
1763421862374,0,2.1526114e-10,0.00336808484721,0,0,16,225,44000,0
1763421862410,0,1.506828e-10,0.00336808485324,0,0,34,225,44000,0
1763421862478,0,1.0547796e-10,0.00336808485957,0,0,17,225,44000,0
1763421862523,0,7.383457e-11,0.00336808486282,0,0,11,225,44000,0
1763421862573,3.1155303e-06,9.3471078e-07,0.00336813346778,0,0,329,225,44000,0
1763421862612,6.9791667e-06,2.7480475e-06,0.00336825163382,0,0,737,225,44000,0
1763421862674,1.188447e-05,5.4889742e-06,0.00336856450535,0,0,1255,225,44000,0
1763421862722,7.8409091e-06,6.1945547e-06,0.00336883706576,0,0,828,225,44000,0
1763421862773,9.4981061e-06,7.1856201e-06,0.00336923946048,0,0,1003,225,44000,0
1763421862812,1.061553e-05,8.2145931e-06,0.00336959268799,0,0,1121,225,44000,0
1763421862870,6.5340909e-06,7.7104425e-06,0.00337000134144,0,0,690,225,44000,0
1763421862915,7.4621212e-06,7.6359461e-06,0.00337033732307,0,0,788,225,44000,0
1763421862974,8.5511364e-06,7.9105032e-06,0.00337078031124,0,0,903,225,44000,0
1763421863014,7.8787879e-06,7.9009886e-06,0.0033711595587,0,0,832,225,44000,0
1763421863064,4.3560606e-06,6.8375102e-06,0.00337148775919,0,0,460,225,44000,0
1763421863103,3.0492424e-06,5.7010299e-06,0.00337173290347,0,0,322,225,44000,0
1763421863171,3.7878788e-06,5.1270845e-06,0.00337202514729,0,0,400,225,44000,0
1763421863213,0,3.5889592e-06,0.00337220100629,0,0,164,225,44000,0
1763421863262,0,2.5122714e-06,0.00337232913213,0,0,92,225,44000,0
1763421863301,0,1.75859e-06,0.00337239947573,0,0,237,225,44000,0
1763421863363,0,1.231013e-06,0.00337246841246,0,0,113,225,44000,0
1763421863405,0,8.617091e-07,0.00337250718937,0,0,95,225,44000,0
1763421863463,0,6.0319637e-07,0.00337254036517,0,0,283,225,44000,0
1763421863500,0,4.2223746e-07,0.00337255936585,0,0,169,225,44000,0
1763421863541,0,2.9556622e-07,0.00337257443973,0,0,179,225,44000,0
1763421863575,0,2.0689635e-07,0.003372581888,0,0,181,225,44000,0
1763421863619,0,1.4482745e-07,0.00337258652248,0,0,228,225,44000,0
1763421863653,4.375e-06,1.4138792e-06,0.00337263883601,0,0,462,225,44000,0
1763421863707,5.3598485e-06,2.59767e-06,0.00337279209854,0,0,566,225,44000,0
1763421863743,4.4507576e-06,3.1535963e-06,0.00337290562801,0,0,470,225,44000,0
1763421863784,6.5246212e-06,4.1649038e-06,0.00337303890493,0,0,689,225,44000,0
1763421863813,1.0435606e-05,6.0461144e-06,0.00337326865727,0,0,1102,225,44000,0
1763421863871,1.2878788e-05,8.0959165e-06,0.00337373822043,0,0,1360,225,44000,0
1763421863912,1.2878788e-05,9.5307779e-06,0.00337408132843,0,0,1360,225,44000,0
1763421863949,1.3352273e-05,1.0677226e-05,0.00337444435413,0,0,1410,225,44000,0
1763421864004,1.3361742e-05,1.1482581e-05,0.00337515627416,0,0,1411,225,44000,0
1763421864031,9.0340909e-06,1.0748034e-05,0.00337550021125,0,0,954,225,44000,0
1763421864080,7.9450758e-06,9.9071466e-06,0.00337585686853,0,0,839,225,44000,0
1763421864115,7.1117424e-06,9.0685253e-06,0.00337620147249,0,0,751,225,44000,0
1763421864168,6.6098485e-06,8.3309223e-06,0.00337668466599,0,0,698,225,44000,0
1763421864212,4.6496212e-06,7.226532e-06,0.00337694482114,0,0,491,225,44000,0
1763421864248,3.9867424e-06,6.2545951e-06,0.00337718249575,0,0,421,225,44000,0
1763421864301,6.6950758e-06,6.3867393e-06,0.00337755292663,0,0,707,225,44000,0
1763421864327,6.5909091e-06,6.4479902e-06,0.00337775926232,0,0,696,225,44000,0
1763421864369,6.2878788e-06,6.3999568e-06,0.00337798966076,0,0,664,225,44000,0
1763421864406,6.1174242e-06,6.315197e-06,0.00337819174707,0,0,646,225,44000,0
1763421864436,6.4204545e-06,6.3467743e-06,0.00337842023094,0,0,678,225,44000,0
1763421864493,3.5227273e-06,5.4995602e-06,0.00337875020455,0,0,372,225,44000,0
1763421864537,0,3.8496921e-06,0.00337888879347,0,0,98,225,44000,0
1763421864574,0,2.6947845e-06,0.00337898311093,0,0,92,225,44000,0
1763421864626,4.1098485e-06,3.1193037e-06,0.00337917338845,0,0,434,225,44000,0
1763421864656,3.8248106e-05,1.3657944e-05,0.00337961044267,0,0,4039,225,44000,1
1763421864705,0,9.5605611e-06,0.00337995462287,0,0,128,225,44000,1
1763421864740,0,6.6923928e-06,0.00338021562619,0,0,79,225,44000,1
1763421864790,1.6950758e-05,9.7699022e-06,0.00338077251061,0,0,1790,225,44000,1
1763421864821,2.0568182e-05,1.3009386e-05,0.00338118881097,0,0,2172,225,44000,1
1763421864873,1.1808712e-05,1.2649184e-05,0.00338164418159,0,0,1247,225,44000,1
1763421864909,8.5795455e-06,1.1428292e-05,0.00338213559816,0,0,906,225,44000,1
1763421864953,1.1136364e-05,1.1340714e-05,0.00338273665599,0,0,1176,225,44000,1
1763421864988,1.3844697e-05,1.2091909e-05,0.00338312359707,0,0,1462,225,44000,1
1763421865036,1.342803e-05,1.2492745e-05,0.00338357333589,0,0,1418,225,44000,1
1763421865063,1.0208333e-05,1.1807422e-05,0.0033840692476,0,0,1078,225,44000,1
1763421865120,9.1950758e-06,1.1023718e-05,0.00338466452837,0,0,971,225,44000,1
1763421865153,1.030303e-05,1.0807512e-05,0.00338501036874,0,0,1088,225,44000,1
1763421865195,1.0501894e-05,1.0715826e-05,0.00338539613849,0,0,1109,225,44000,1
1763421865224,8.4280303e-06,1.0029488e-05,0.00338576722952,0,0,890,225,44000,1
1763421865284,7.8125e-06,9.3643913e-06,0.00338631972861,0,0,825,225,44000,1
1763421865320,8.4564394e-06,9.0920057e-06,0.00338661067279,0,0,893,225,44000,1
1763421865356,7.907197e-06,8.7365631e-06,0.00338692518906,0,0,835,225,44000,1
1763421865385,6.5909091e-06,8.0928669e-06,0.00338720034654,0,0,696,225,44000,1
1763421865447,7.594697e-06,7.9434159e-06,0.00338769283832,0,0,802,225,44000,1
1763421865495,7.7935606e-06,7.8984593e-06,0.00338797718286,0,0,823,225,44000,1
1763421865526,7.2159091e-06,7.6936942e-06,0.00338829262432,0,0,762,225,44000,1
1763421865575,6.25e-06,7.260586e-06,0.00338869195655,0,0,660,225,44000,1
1763421865610,6.4299242e-06,7.0113875e-06,0.00338892333234,0,0,679,225,44000,1
1763421865657,4.6306818e-06,6.2971758e-06,0.00338914373349,0,0,489,225,44000,1
1763421865688,3.0018939e-06,5.3085912e-06,0.00338935076854,0,0,317,225,44000,1
1763421865741,0,3.7160139e-06,0.00338956258133,0,0,165,225,44000,1
1763421993227,0.00071019886,0.00021305966,0.000117608931818,0,0,74997,225,44000,0
1763421993259,0.00070244318,0.00035987472,0.00013416316875,0,0,74178,225,44000,0
1763421993321,0.00070279356,0.00046275037,0.000159151688693,0,0,74215,225,44000,0
1763421993351,0.00070149621,0.00053437412,0.00018052665358,0,0,74078,225,44000,0
1763421993409,0.00069724432,0.00058323518,0.000213187823714,0,0,73629,225,44000,0
1763421993445,0.00069314394,0.00061620781,0.000235371304819,0,0,73196,225,44000,0
1763421993479,0.0006933428,0.00063934831,0.000255830450639,0,0,73217,225,44000,0
1763421993552,0.00068655303,0.00065350972,0.000297655072968,0,0,72500,225,44000,0
1763421993587,0.0006834375,0.00066248806,0.000326142059407,0,0,72171,225,44000,0
1763421993646,0.00067941288,0.0006675655,0.000364193293097,0,0,71746,225,44000,0
1763421993682,0.00067482008,0.00066974188,0.000388973742475,0,0,71261,225,44000,0
1763421993751,0.00067122159,0.00067018579,0.000431195447233,0,0,70881,225,44000,0
1763421993786,0.00066738636,0.00066934596,0.000459307977636,0,0,70476,225,44000,0
1763421993842,0.00066286932,0.00066740297,0.000495347737953,0,0,69999,225,44000,0
1763421993876,0.00065871212,0.00066479571,0.000519945179391,0,0,69560,225,44000,0
1763421993947,0.00065734848,0.00066256155,0.000561686556766,0,0,69416,225,44000,0
1763421993981,0.0006547822,0.00066022774,0.000589416121889,0,0,69145,225,44000,0
1763421994037,0.00064678977,0.00065619635,0.000624850724819,0,0,68301,225,44000,0
1763421994069,0.00064175189,0.00065186301,0.000648317793307,0,0,67769,225,44000,0
1763421994142,0.00063038826,0.00064542059,0.00068962471086,0,0,66569,225,44000,0
1763421994173,0.00060397727,0.00063298759,0.000715577202155,0,0,63780,225,44000,0
1763421994235,0.00058450758,0.00061844359,0.000752065373818,0,0,61724,225,44000,0
1763421994264,0.00064323864,0.0006258821,0.000773345365292,0,0,67926,225,44000,0
1763421994339,0.00062368371,0.00062522259,0.000812109165572,0,0,65861,225,44000,0
1763421994373,0.00057535985,0.00061026376,0.000837740243666,0,0,60758,225,44000,0
1763421994434,0.00061616477,0.00061203407,0.000873238219536,0,0,65067,225,44000,0
1763421994468,0.00062124053,0.00061479601,0.000895985671751,0,0,65603,225,44000,0
1763421994531,0.00057954545,0.00060422084,0.000931634701336,0,0,61200,225,44000,0
1763421994569,0.00056673295,0.00059297447,0.000954167731373,0,0,59847,225,44000,0
1763421994634,0.0005920928,0.00059270997,0.000990915749709,0,0,62525,225,44000,0
1763421994668,0.00057636364,0.00058780607,0.00101501579867,0,0,60864,225,44000,0
1763421994730,0.00056348485,0.00058050971,0.00104926587126,0,0,59504,225,44000,0
1763421994765,0.00056701705,0.00057646191,0.00107059496183,0,0,59877,225,44000,0
1763421994828,0.00055876894,0.00057115402,0.00110429304882,0,0,59006,225,44000,0
1763421994861,0.00054890152,0.00056447827,0.00112630770121,0,0,57964,225,44000,0
1763421994932,0.00055403409,0.00056134501,0.00116054974704,0,0,58506,225,44000,0
1763421994962,0.00054630682,0.00055683356,0.00118449358991,0,0,57690,225,44000,0
1763421995014,0.00053721591,0.00055094826,0.0012158976408,0,0,56730,225,44000,0
1763421995044,0.0005335322,0.00054572344,0.00123336079095,0,0,56341,225,44000,0
1763421995085,0.00053065341,0.00054120243,0.00125067926877,0,0,56037,225,44000,0
1763421995119,0.00052678977,0.00053687863,0.00126785938507,0,0,55629,225,44000,0
1763421995188,0.00051939394,0.00053163323,0.00130401044443,0,0,54848,225,44000,0
1763421995213,0.00051541667,0.00052676826,0.00132244733346,0,0,54428,225,44000,0
1763421995273,0.00050732008,0.0005209338,0.00135422429547,0,0,53573,225,44000,0
1763421995304,0.00050325758,0.00051563094,0.00137072448539,0,0,53144,225,44000,0
1763421995347,0.00049625947,0.0005098195,0.00138907798723,0,0,52405,225,44000,0
1763421995381,0.00048375,0.00050199865,0.00140514194392,0,0,51084,225,44000,0
1763421995406,0.00046724432,0.00049157235,0.00142087225907,0,0,49341,225,44000,0
1763421995437,0.00044654356,0.00047806371,0.00143617029785,0,0,47155,225,44000,0
1763421995469,0.0004436553,0.00046774119,0.00145113801591,0,0,46850,225,44000,0
1763421995514,0.00045965909,0.00046531656,0.00146788941206,0,0,48540,225,44000,0
1763421995542,0.0004641572,0.00046496875,0.00148323338084,0,0,49015,225,44000,0
1763421995602,0.00042613636,0.00045331903,0.00151179248003,0,0,45000,225,44000,0
1763421995636,0.00042932765,0.00044612162,0.00152606837186,0,0,45337,225,44000,0
1763421995678,0.00045886364,0.00044994422,0.00154226636395,0,0,48456,225,44000,0
1763421995704,0.00048742424,0.00046118823,0.00155748557554,0,0,51472,225,44000,0
1763421995765,0.00043995265,0.00045481756,0.0015861390816,0,0,46459,225,44000,0
1763421995806,0.00042933712,0.00044717343,0.00160044863123,0,0,45338,225,44000,0
1763421995840,0.00044998106,0.00044801572,0.00161657719702,0,0,47518,225,44000,0
1763421995866,0.0004641572,0.00045285816,0.00163106865816,0,0,49015,225,44000,0
1763421995896,0.00044745265,0.00045123651,0.00164550822641,0,0,47251,225,44000,0
1763421995929,0.00042830492,0.00044435703,0.00165972765145,0,0,45229,225,44000,0
1763421995971,0.00042445076,0.00043838515,0.00167375597626,0,0,44822,225,44000,0
1763421996001,0.00042976326,0.00043579858,0.00168944472523,0,0,45383,225,44000,0
1763421996028,0.00043068182,0.00043426355,0.00170334115893,0,0,45480,225,44000,0
1763421996060,0.00041442235,0.00042831119,0.00171704711706,0,0,43763,225,44000,0
1763421996096,0.00040044508,0.00041995136,0.00173048556048,0,0,42287,225,44000,0
1763421996136,0.00039579545,0.00041270459,0.00174369210724,0,0,41796,225,44000,0
1763421996162,0.0003980303,0.0004083023,0.00175839099009,0,0,42032,225,44000,0
1763421996192,0.00038768939,0.00040211843,0.00177125877982,0,0,40940,225,44000,0
1763421996224,0.00037176136,0.00039301131,0.00178383514172,0,0,39258,225,44000,0
1763421996266,0.00036515152,0.00038465337,0.0017961440496,0,0,38560,225,44000,0
1763421996298,0.00036751894,0.00037951304,0.00180866797997,0,0,38810,225,44000,0
1763421996326,0.00035903409,0.00037336936,0.00182173590745,0,0,37914,225,44000,0
1763421996356,0.00034798295,0.00036575344,0.00183344001739,0,0,36747,225,44000,0
1763421996389,0.0003403125,0.00035812116,0.00184489989436,0,0,35937,225,44000,0
1763421996432,0.00033419508,0.00035094333,0.00185613008096,0,0,35291,225,44000,0
1763421996462,0.00033269886,0.00034546999,0.00186856700063,0,0,35133,225,44000,0
1763421996490,0.00032576705,0.00033955911,0.00187943289207,0,0,34401,225,44000,0
1763421996520,0.00031400568,0.00033189308,0.00189005347062,0,0,33159,225,44000,0
1763421996557,0.00030722538,0.00032449277,0.00190043723924,0,0,32443,225,44000,0
1763421996596,0.00029088068,0.00031440914,0.00191049833182,0,0,30717,225,44000,0
1763421996624,0.00026614583,0.00029993015,0.00192129581723,0,0,28105,225,44000,0
1763421996652,0.00025206439,0.00028557042,0.00193043407077,0,0,26618,225,44000,0
1763421996685,0.00027119318,0.00028125725,0.0019394343028,0,0,28638,225,44000,0
1763421996725,0.00030660038,0.00028886019,0.00194867782886,0,0,32377,225,44000,0
1763421996758,0.00025965909,0.00028009986,0.00195764102437,0,0,27420,225,44000,0
1763421996787,0.00020938447,0.00025888524,0.00196696089311,0,0,22111,225,44000,0
1763421996816,0.00019660985,0.00024020262,0.00197464737709,0,0,20762,225,44000,0
1763421996848,0.00023082386,0.000237389,0.00198224382497,0,0,24375,225,44000,0
1763421996892,0.00024229167,0.0002388598,0.00198988733848,0,0,25586,225,44000,0
1763421996916,0.00019636364,0.00022611095,0.0019978012217,0,0,20736,225,44000,0
1763421996995,0.00016400568,0.00020747937,0.00201128738068,0,0,17319,225,44000,0
1763421997021,0.00019373106,0.00020335488,0.00201901486598,0,0,20458,225,44000,0
1763421997105,0.00016744318,0.00019258137,0.00203018458533,0,0,17682,225,44000,0
1763421997136,0.00014367424,0.00017790923,0.0020394358653,0,0,15172,225,44000,0
1763421997193,0.00015974432,0.00017245976,0.00204771393363,0,0,16869,225,44000,0
1763421997217,0.00016129735,0.00016911103,0.00205447837499,0,0,17033,225,44000,0
1763421997288,0.00012679924,0.0001564175,0.0020638634248,0,0,13390,225,44000,0
1763421997313,0.00012546402,0.00014713145,0.00206901302562,0,0,13249,225,44000,0
1763421997373,0.00012967803,0.00014189543,0.00207766864659,0,0,13694,225,44000,0
1763421997414,0.00011460227,0.00013370748,0.00208194728594,0,0,12102,225,44000,0
1763421997448,0.00010823864,0.00012606683,0.0020864856917,0,0,11430,225,44000,0
1763421997474,0.00010351326,0.00011930076,0.0020903033159,0,0,10931,225,44000,0
1763421997504,9.40625e-05,0.00011172928,0.00209387865283,0,0,9933,225,44000,0
1763421997538,8.8380682e-05,0.0001047247,0.00209722984323,0,0,9333,225,44000,0
1763421997583,9.2660985e-05,0.00010110559,0.00210046522196,0,0,9785,225,44000,0
1763422167445,0,0,0,0,0,0,215,19250,0
1763422167489,0,0,0,0,0,0,215,19250,0
1763422167548,0,0,0,0,0,0,215,19250,0
1763422167571,0,0,0,0,0,0,215,19250,0
1763422167602,0,0,0,0,0,0,215,19250,0
1763422167653,0,0,0,0,0,0,215,19250,0
1763422167683,0,0,0,0,0,0,215,19250,0
1763422167738,0,0,0,0,0,0,215,19250,0
1763422167766,0,0,0,0,0,0,215,19250,0
1763422167819,0,0,0,0,0,0,215,19250,0
1763422167846,0,0,0,0,0,0,215,19250,0
1763422167901,0,0,0,0,0,0,215,19250,0
1763422167938,0,0,0,0,0,0,215,19250,0
1763422167982,0,0,0,0,0,0,215,19250,0
1763422168008,0,0,0,0,0,0,215,19250,0
1763422168062,0,0,0,0,0,0,215,19250,0
1763422168107,0,0,0,0,0,0,215,19250,0
1763422168144,0,0,0,0,0,0,215,19250,0
1763422168168,0,0,0,0,0,0,215,19250,0
1763422168227,0,0,0,0,0,0,215,19250,0
1763422168275,0,0,0,0,0,0,215,19250,0
1763422168309,0,0,0,0,0,0,215,19250,0
1763422168361,0,0,0,0,0,0,215,19250,0
1763422168390,0,0,0,0,0,0,215,19250,0
1763422168441,0,0,0,0,0,0,215,19250,0
1763422168472,0,0,0,0,0,0,215,19250,0
1763422168526,0,0,0,0,0,0,215,19250,0
1763422168554,0,0,0,0,0,0,215,19250,0
1763422168607,0,0,0,0,0,0,215,19250,0
1763422168635,0,0,0,0,0,0,215,19250,0
1763422168689,0,0,0,0,0,0,215,19250,0
1763422168719,0,0,0,0,0,0,215,19250,0
1763422168770,0,0,0,0,0,0,215,19250,0
1763422168796,0,0,0,0,0,0,215,19250,0
1763422168854,0,0,0,0,0,0,215,19250,0
1763422168885,0,0,0,0,0,0,215,19250,0
1763422168935,0,0,0,0,0,0,215,19250,0
1763422168960,0,0,0,0,0,0,215,19250,0
1763422169015,0,0,0,0,0,0,215,19250,0
1763422169054,0,0,0,0,0,0,215,19250,0
1763422169098,0,0,0,0,0,0,215,19250,0
1763422169124,0,0,0,0,0,0,215,19250,0
1763422169181,0,0,0,0,0,0,215,19250,0
1763422169229,0,0,0,0,0,0,215,19250,0
1763422169262,0,0,0,0,0,0,215,19250,0
1763422169314,0,0,0,0,0,0,215,19250,0
1763422169359,0,0,0,0,0,0,215,19250,0
1763422169388,0,0,0,0,0,0,215,19250,0
1763422169455,0,0,0,0,0,0,215,19250,0
1763422169475,0,0,0,0,0,0,215,19250,0
1763422169562,0,0,0,0,0,0,215,19250,0
1763422169591,0,0,0,0,0,0,215,19250,0
1763422169665,0,0,0,0,0,0,215,19250,0
1763422169691,0,0,0,0,0,0,215,19250,0
1763422169753,0,0,0,0,0,0,215,19250,0
1763422169776,0,0,0,0,0,0,215,19250,0
1763422169847,0,0,0,0,0,0,215,19250,0
1763422169884,0,0,0,0,0,0,215,19250,0
1763422169913,0,0,0,0,0,0,215,19250,0
1763422169975,0,0,0,0,0,113,215,19250,0
1763422170014,0,0,0,0,0,160,215,19250,0
1763422170053,0,0,0,0,0,176,215,19250,0
1763422170123,1.2900433e-05,3.8701299e-06,2.47688311688e-07,0,0,596,215,19250,0
1763422170167,1.6428571e-05,7.6376623e-06,5.91383116883e-07,0,0,759,215,19250,0
1763422170223,1.6774892e-05,1.0378831e-05,1.16221883117e-06,0,0,775,215,19250,0
1763422170257,1.7489177e-05,1.2511935e-05,1.72525590909e-06,0,0,808,215,19250,0
1763422170298,2.0974026e-05,1.5050562e-05,2.49283458831e-06,0,0,969,215,19250,0
1763422170328,2.2467532e-05,1.7275653e-05,3.04565549636e-06,0,0,1038,215,19250,0
1763422170379,2.4025974e-05,1.930075e-05,3.74048248094e-06,0,0,1110,215,19250,0
1763422170410,2.6082251e-05,2.13352e-05,4.52988488185e-06,0,0,1205,215,19250,0
1763422170463,2.6125541e-05,2.2772302e-05,5.87345072079e-06,0,0,1207,215,19250,0
1763422170493,2.8939394e-05,2.462243e-05,6.66136847536e-06,0,0,1337,215,19250,0
1763422170546,2.9134199e-05,2.5975961e-05,7.59650305773e-06,0,0,1346,215,19250,0
1763422170574,2.7792208e-05,2.6520835e-05,8.65733644864e-06,0,0,1284,215,19250,0
1763422170626,3.017316e-05,2.7616532e-05,1.02038622626e-05,0,0,1394,215,19250,0
1763422170685,3.1147186e-05,2.8675729e-05,1.12361884893e-05,0,0,1439,215,19250,0
1763422170719,3.2207792e-05,2.9735348e-05,1.26337498277e-05,0,0,1488,215,19250,0
1763422170757,3.7770563e-05,3.2145912e-05,1.4208899524e-05,0,0,1745,215,19250,0
1763422170790,4.3484848e-05,3.5547593e-05,1.53464225021e-05,0,0,2009,215,19250,0
1763422170834,4.7077922e-05,3.9006692e-05,1.67506634057e-05,0,0,2175,215,19250,0
1763422170871,4.8961039e-05,4.1992996e-05,1.81364322713e-05,0,0,2262,215,19250,0
1763422170926,4.7077922e-05,4.3518474e-05,2.08780961189e-05,0,0,2175,215,19250,0
1763422170966,4.7640693e-05,4.4755139e-05,2.23102605807e-05,0,0,2201,215,19250,0
1763422171001,4.965368e-05,4.6224701e-05,2.39743498347e-05,0,0,2294,215,19250,0
1763422171064,4.7597403e-05,4.6636512e-05,2.69590865917e-05,0,0,2199,215,19250,0
1763422171097,4.965368e-05,4.7541662e-05,2.85755031057e-05,0,0,2294,215,19250,0
1763422171172,5.8419913e-05,5.0805138e-05,3.19286421839e-05,0,0,2699,215,19250,0
1763422171214,6.0497835e-05,5.3712947e-05,3.41845859551e-05,0,0,2795,215,19250,0
1763422171266,7.0238095e-05,5.8670491e-05,3.73527924921e-05,0,0,3245,215,19250,0
1763422171303,7.461039e-05,6.3452461e-05,3.98908909273e-05,0,0,3447,215,19250,0
1763422171364,8.4329004e-05,6.9715424e-05,4.40738163622e-05,0,0,3896,215,19250,0
1763422171405,9.0692641e-05,7.6008589e-05,4.69621427423e-05,0,0,4190,215,19250,0
1763422171464,0.00010974026,8.612809e-05,5.1957571973e-05,0,0,5070,215,19250,0
1763422171498,0.00011450216,9.4640312e-05,5.59324650972e-05,0,0,5290,215,19250,0
1763422171561,0.00013318182,0.00010620276,6.20922254203e-05,0,0,6153,215,19250,0
1763422171595,0.00014179654,0.0001168809,6.66505803633e-05,0,0,6551,215,19250,0
1763422171666,0.00015978355,0.00012975169,7.45654335823e-05,0,0,7382,215,19250,0
1763422171704,0.00016645022,0.00014076125,8.07589285566e-05,0,0,7690,215,19250,0
1763422171756,0.0001924026,0.00015625365,8.88841185549e-05,0,0,8889,215,19250,0
1763422171790,0.00020322511,0.00017034509,9.535723198e-05,0,0,9389,215,19250,0
1763422171862,0.00022634199,0.00018714416,0.000106960169931,0,0,10457,215,19250,0
1763422171899,0.00023720779,0.00020216325,0.000115855352931,0,0,10959,215,19250,0
1763422171955,0.00026820346,0.00022197531,0.000128285970514,0,0,12391,215,19250,0
1763422171988,0.00028142857,0.00023981129,0.000137158988288,0,0,13002,215,19250,0
1763422172057,0.0002919697,0.00025545881,0.000152231058251,0,0,13489,215,19250,0
1763422172094,0.00029019481,0.00026587961,0.000163663881508,0,0,13407,215,19250,0
1763422172151,0.00028991342,0.00027308975,0.000179229997452,0,0,13394,215,19250,0
1763422172187,0.00028584416,0.00027691607,0.000189475892195,0,0,13206,215,19250,0
1763422172246,0.00026218615,0.0002724971,0.000205553220862,0,0,12113,215,19250,0
1763422172279,0.00024798701,0.00026514407,0.000215098407423,0,0,11457,215,19250,0
1763422172352,0.00023084416,0.0002548541,0.000231409069601,0,0,10665,215,19250,0
1763422172389,0.00021588745,0.0002431641,0.000241621961858,0,0,9974,215,19250,0
1763422172449,0.0001952381,0.0002287863,0.00025489156723,0,0,9020,215,19250,0
1763422172483,0.00019229437,0.00021783872,0.000263387277363,0,0,8884,215,19250,0
1763422172548,0.00018554113,0.00020814944,0.000275251795591,0,0,8572,215,19250,0
1763422172585,0.00017833333,0.00019920461,0.000283618389204,0,0,8239,215,19250,0
1763422172644,0.00016593074,0.00018922245,0.000294593291168,0,0,7666,215,19250,0
1763422172678,0.00016177489,0.00018098818,0.000301470842042,0,0,7474,215,19250,0
1763422172744,0.00015112554,0.00017202939,0.000311448546602,0,0,6982,215,19250,0
1763422172780,0.00014114719,0.00016276473,0.000318284665182,0,0,6521,215,19250,0
1763422172839,0.00012904762,0.0001526496,0.000327138341715,0,0,5962,215,19250,0
1763422172872,0.00012937229,0.00014566641,0.000332527998704,0,0,5977,215,19250,0
1763422172945,0.00012660173,0.000139947,0.000341344659896,0,0,5849,215,19250,0
1763422172980,0.00011554113,0.00013262524,0.000347047545207,0,0,5338,215,19250,0
1763422173031,0.00010082251,0.00012308442,0.000353571019525,0,0,4658,215,19250,0
1763422173068,8.9480519e-05,0.00011300325,0.000357300126795,0,0,4134,215,19250,0
1763422173138,6.987013e-05,0.00010006331,0.00036400436886,0,0,3228,215,19250,0
1763422173167,5.965368e-05,8.7940424e-05,0.000367521985818,0,0,2756,215,19250,0
1763422173220,3.3722944e-05,7.167518e-05,0.000371535795892,0,0,1558,215,19250,0
1763422173253,1.974026e-05,5.6094704e-05,0.000373555205231,0,0,912,215,19250,0
1763422173284,8.7229437e-06,4.1883176e-05,0.000374895466857,0,0,403,215,19250,0
1763422173316,0,2.9318223e-05,0.000375833649995,0,0,166,215,19250,0
1763422173358,0,2.0522756e-05,0.000376490378192,0,0,163,215,19250,0
1763422173393,0,1.4365929e-05,0.000377007551647,0,0,186,215,19250,0
1763422173418,0,1.0056151e-05,0.000377329348463,0,0,276,215,19250,0
1763422173449,7.7489177e-06,9.3639807e-06,0.000377628995845,0,0,358,215,19250,0
1763422173481,1.1450216e-05,9.9898514e-06,0.00037794867109,0,0,529,215,19250,0
1763422173524,1.7402597e-05,1.2213675e-05,0.000378339508697,0,0,804,215,19250,0
1763422173555,2.1233766e-05,1.4919703e-05,0.000378876617988,0,0,981,215,19250,0
1763422173581,2.6298701e-05,1.8333402e-05,0.000379463286857,0,0,1215,215,19250,0
1763422173612,3.4069264e-05,2.3054161e-05,0.00038020102,0,0,1574,215,19250,0
1763422173646,4.1861472e-05,2.8696354e-05,0.00038111930333,0,0,1934,215,19250,0
1763422173688,5.3484848e-05,3.6132902e-05,0.000382275556207,0,0,2471,215,19250,0
1763422173716,5.8939394e-05,4.297485e-05,0.000383822650801,0,0,2723,215,19250,0
1763422173744,6.6168831e-05,4.9933044e-05,0.000385420508217,0,0,3057,215,19250,0
1763422173776,7.1320346e-05,5.6349235e-05,0.000387223683733,0,0,3295,215,19250,0
1763422173819,7.5779221e-05,6.2178231e-05,0.000389213387114,0,0,3501,215,19250,0
1763422173851,8.0952381e-05,6.7810476e-05,0.000391451132813,0,0,3740,215,19250,0
1763422173912,7.2229437e-05,6.9136164e-05,0.000396083255813,0,0,3337,215,19250,0
1763422173941,6.8463203e-05,6.8934276e-05,0.000398289152644,0,0,3163,215,19250,0
1763422173984,6.8246753e-05,6.8728019e-05,0.000400488449257,0,0,3153,215,19250,0
1763422174014,6.2987013e-05,6.7005717e-05,0.000402766643646,0,0,2910,215,19250,0
1763422174098,5.7229437e-05,6.4072833e-05,0.000406995450642,0,0,2644,215,19250,0
1763422174128,4.6471861e-05,5.8792542e-05,0.000409817492646,0,0,2147,215,19250,0
1763422174177,4.3376623e-05,5.4167766e-05,0.000412417545425,0,0,2004,215,19250,0
1763422174206,3.7987013e-05,4.931354e-05,0.000414192832874,0,0,1755,215,19250,0
1763422174249,3.4242424e-05,4.4792205e-05,0.000415626183448,0,0,1582,215,19250,0
1763422174277,2.974026e-05,4.0276622e-05,0.000417035865209,0,0,1374,215,19250,0
1763422174345,3.4350649e-05,3.849883e-05,0.00041938429384,0,0,1587,215,19250,0
1763422174369,3.1406926e-05,3.6371259e-05,0.000420693659162,0,0,1451,215,19250,0
1763422174400,3.0519481e-05,3.4615725e-05,0.000421801362375,0,0,1410,215,19250,0
1763422174444,3.1926407e-05,3.380893e-05,0.000422883248131,0,0,1475,215,19250,0
1763422174476,2.6731602e-05,3.1685731e-05,0.000423960563,0,0,1235,215,19250,0
1763422174537,2.2792208e-05,2.9017674e-05,0.000425875729506,0,0,1053,215,19250,0
1763422174565,8.7662338e-06,2.2942242e-05,0.000426609881255,0,0,405,215,19250,0
1763422174609,0,1.605957e-05,0.00042712378748,0,0,257,215,19250,0
1763422174646,0,1.1241699e-05,0.000427517246933,0,0,234,215,19250,0
1763422174710,2.3744589e-05,1.4992566e-05,0.000428491763702,0,0,1097,215,19250,0
1763422174749,0,1.0494796e-05,0.000428869576358,0,0,160,215,19250,0
1763422174799,0,7.3463572e-06,0.000429310357789,0,0,106,215,19250,0
1763422174835,0,5.14245e-06,0.00042949548599,0,0,86,215,19250,0
1763422174870,0,3.599715e-06,0.000429610676871,0,0,164,215,19250,0
1763422174898,0,2.5198005e-06,0.000429691310487,0,0,131,215,19250,0
1763422174970,0,1.7638604e-06,0.00042980419755,0,0,100,215,19250,0
1763422175001,0,1.2347023e-06,0.000429848646831,0,0,86,215,19250,0
1763422175068,0,8.6429158e-07,0.000429903961492,0,0,111,215,19250,0
1763422175094,0,6.050041e-07,0.000429924531632,0,0,83,215,19250,0
1763422175161,0,4.2350287e-07,0.000429952482821,0,0,64,215,19250,0
1763422175196,0,2.9645201e-07,0.000429961969285,0,0,43,215,19250,0
1763422175231,0,2.0751641e-07,0.000429968609811,0,0,40,215,19250,0
1763422175257,0,1.4526149e-07,0.00042997340344,0,0,95,215,19250,0
1763422175350,0,1.0168304e-07,0.000429980216203,0,0,73,215,19250,0
1763422175385,0,7.1178128e-08,0.000429983917466,0,0,40,215,19250,0
1763422175418,0,4.9824689e-08,0.000429986109752,0,0,76,215,19250,0
1763422175449,0,3.4877283e-08,0.000429987225825,0,0,78,215,19250,0
1763422175488,0,2.4414098e-08,0.000429988104733,0,0,51,215,19250,0
1763422175531,0,1.7089868e-08,0.000429988651609,0,0,30,215,19250,0
1763422175559,0,1.1962908e-08,0.000429989094236,0,0,35,215,19250,0
1763422175641,0,8.3740356e-09,0.000429989588304,0,0,61,215,19250,0
1763422175674,0,5.8618249e-09,0.000429989887257,0,0,51,215,19250,0
1763422175721,0,4.1032774e-09,0.000429990088318,0,0,34,215,19250,0
1763422175745,0,2.8722942e-09,0.000429990180231,0,0,45,215,19250,0
1763422175776,0,2.0106059e-09,0.000429990244571,0,0,45,215,19250,0
1763422175828,0,1.4074242e-09,0.000429990295238,0,0,34,215,19250,0
1763422175861,0,9.8519691e-10,0.000429990332675,0,0,33,215,19250,0
1763422175910,0,6.8963784e-10,0.000429990372674,0,0,34,215,19250,0
1763422175940,0,4.8274649e-10,0.000429990388122,0,0,30,215,19250,0
1763422175991,0,3.3792254e-10,0.000429990400288,0,0,30,215,19250,0
1763422176023,0,2.3654578e-10,0.00042999040904,0,0,32,215,19250,0
1763422176075,0,1.6558204e-10,0.000429990418809,0,0,20,215,19250,0
1763422176108,0,1.1590743e-10,0.000429990422982,0,0,23,215,19250,0
1763422176156,0,8.1135202e-11,0.000429990425578,0,0,15,215,19250,0
1763422176189,0,5.6794641e-11,0.000429990427736,0,0,15,215,19250,0
1763422176239,0,3.9756249e-11,0.000429990430042,0,0,15,215,19250,0
1763422176273,0,2.7829374e-11,0.000429990431044,0,0,7,215,19250,0
1763422176319,0,1.9480562e-11,0.000429990431667,0,0,12,215,19250,0
1763422176357,0,1.3636393e-11,0.000429990432172,0,0,3,215,19250,0
1763422176413,0,9.5454754e-12,0.000429990432735,0,0,2,215,19250,0
1763422176445,0,6.6818328e-12,0.000429990432976,0,0,3,215,19250,0
1763422176478,0,4.6772829e-12,0.000429990433125,0,0,8,215,19250,0
1763422176508,0,3.274098e-12,0.00042999043323,0,0,1,215,19250,0
1763422176576,0,2.2918686e-12,0.000429990433377,0,0,4,215,19250,0
1763422176613,0,1.604308e-12,0.000429990433435,0,0,4,215,19250,0
1763422176641,0,1.1230156e-12,0.000429990433474,0,0,2,215,19250,0
1763422176710,0,7.8611094e-13,0.000429990433522,0,0,4,215,19250,0
1763422176741,0,5.5027766e-13,0.000429990433542,0,0,4,215,19250,0
1763422176810,0,3.8519436e-13,0.000429990433566,0,0,3,215,19250,0
1763422176836,0,2.6963605e-13,0.000429990433576,0,0,2,215,19250,0
1763422176893,0,1.8874524e-13,0.000429990433587,0,0,3,215,19250,0
1763422176928,0,1.3212167e-13,0.000429990433592,0,0,0,215,19250,0
1763422176968,0,9.2485166e-14,0.000429990433595,0,0,2,215,19250,0
1763422177005,0,6.4739616e-14,0.000429990433597,0,0,1,215,19250,0
1763422177031,0,4.5317731e-14,0.000429990433599,0,0,7,215,19250,0
1763422177125,0,3.1722412e-14,0.000429990433601,0,0,4,215,19250,0
1763422177162,0,2.2205688e-14,0.000429990433602,0,0,5,215,19250,0
1763422177192,0,1.5543982e-14,0.000429990433603,0,0,9,215,19250,0
1763422177221,0,1.0880787e-14,0.000429990433603,0,0,8,215,19250,0
1763422177273,0,7.6165511e-15,0.000429990433603,0,0,12,215,19250,0
1763422177307,0,5.3315858e-15,0.000429990433603,0,0,101,215,19250,0
1763422177359,0,3.73211e-15,0.000429990433604,0,0,159,215,19250,0
1763422177387,0,2.612477e-15,0.000429990433604,0,0,191,215,19250,0
1763422177431,0,1.8287339e-15,0.000429990433604,0,0,228,215,19250,0
1763422177470,0,1.2801137e-15,0.000429990433604,0,0,295,215,19250,0
1763422177531,0,8.9607962e-16,0.000429990433604,0,0,179,215,19250,0
1763422177559,0,6.2725574e-16,0.000429990433604,0,0,173,215,19250,0
1763422177637,0,4.3907901e-16,0.000429990433604,0,0,272,215,19250,0
1763422177666,0,3.0735531e-16,0.000429990433604,0,0,263,215,19250,0
1763422177744,7.3376623e-06,2.2012987e-06,0.00043011590763,0,0,339,215,19250,0
1763422177788,1.1082251e-05,4.8655844e-06,0.000430359186851,0,0,512,215,19250,0
1763422177822,1.7748918e-05,8.7305844e-06,0.000430760793734,0,0,820,215,19250,0
1763422177848,1.9545455e-05,1.1975045e-05,0.000431143995188,0,0,903,215,19250,0
1763422177935,2.047619e-05,1.4525389e-05,0.000432131721638,0,0,946,215,19250,0
1763422177969,2.1017316e-05,1.6472967e-05,0.000432873005156,0,0,971,215,19250,0
1763422178012,2.5800866e-05,1.9271337e-05,0.000433855843328,0,0,1192,215,19250,0
1763422178049,2.2878788e-05,2.0353572e-05,0.000434588571921,0,0,1057,215,19250,0
1763422178095,2.2900433e-05,2.111763e-05,0.000435264336091,0,0,1058,215,19250,0
1763422178126,2.4437229e-05,2.211351e-05,0.000436170990003,0,0,1129,215,19250,0
1763422178177,2.6666667e-05,2.3479457e-05,0.00043746236014,0,0,1232,215,19250,0
1763422178222,2.4502165e-05,2.3786269e-05,0.000438318665834,0,0,1132,215,19250,0
1763422178260,2.2748918e-05,2.3475064e-05,0.000439163768131,0,0,1051,215,19250,0
1763422178310,3.7359307e-05,2.7640337e-05,0.000440822188344,0,0,1726,215,19250,0
1763422178341,4.1190476e-05,3.1705379e-05,0.000441836760461,0,0,1903,215,19250,0
1763422178389,4.6103896e-05,3.6024934e-05,0.000443133658082,0,0,2130,215,19250,0
1763422178425,5.5844156e-05,4.19707e-05,0.000444770515401,0,0,2580,215,19250,0
1763422178488,6.7748918e-05,4.9704166e-05,0.000447603652843,0,0,3130,215,19250,0
1763422178517,7.0757576e-05,5.6020189e-05,0.000450012520957,0,0,3269,215,19250,0
1763422178590,6.2575758e-05,5.7986859e-05,0.00045331777194,0,0,2891,215,19250,0
1763422178620,6.8484848e-05,6.1136256e-05,0.000456007767209,0,0,3164,215,19250,0
1763422178674,6.0692641e-05,6.1003171e-05,0.000459179932125,0,0,2804,215,19250,0
1763422178721,5.4675325e-05,5.9104817e-05,0.000461307705553,0,0,2526,215,19250,0
1763422178752,5.0627706e-05,5.6561684e-05,0.00046373985796,0,0,2339,215,19250,0
1763422178801,5.7056277e-05,5.6710062e-05,0.000466745491238,0,0,2636,215,19250,0
1763422178834,6.530303e-05,5.9287952e-05,0.000468642705714,0,0,3017,215,19250,0
1763422178885,8.7294372e-05,6.7689878e-05,0.000471079541335,0,0,4033,215,19250,0
1763422178915,0.00013004329,8.6395902e-05,0.000474794565115,0,0,6008,215,19250,0
1763422178964,8.7748918e-05,8.6801807e-05,0.000479395060866,0,0,4054,215,19250,0
1763422179012,8.7467532e-05,8.7001524e-05,0.000482527115744,0,0,4041,215,19250,0
1763422179051,0.00011290043,9.4771197e-05,0.000486128421227,0,0,5216,215,19250,0
1763422179097,0.00014833333,0.00011083984,0.000492557131823,0,0,6853,215,19250,0
1763422179126,0.00014670996,0.00012160087,0.000496448359775,0,0,6778,215,19250,0
1763422179179,0.00014941558,0.00012994529,0.0005011263901,0,0,6903,215,19250,0
1763422179214,0.00015510823,0.00013749417,0.000506763650999,0,0,7166,215,19250,0
1763422179261,0.00015580087,0.00014298618,0.000514627890764,0,0,7198,215,19250,0
1763422179292,0.00014261905,0.00014287604,0.000519199923998,0,0,6589,215,19250,0
1763422179346,0.0001367316,0.00014103271,0.000524277101468,0,0,6317,215,19250,0
1763422179388,0.00013422078,0.00013898913,0.000530392623145,0,0,6201,215,19250,0
1763422179435,0.00012482684,0.00013474044,0.000537399126143,0,0,5767,215,19250,0
1763422179480,0.00011707792,0.00012944169,0.000542188468533,0,0,5409,215,19250,0
1763422179542,9.530303e-05,0.00011920009,0.000549698074167,0,0,4403,215,19250,0
1763422179576,7.2380952e-05,0.00010515435,0.000554324865493,0,0,3344,215,19250,0
1763422179631,3.2337662e-05,8.3309343e-05,0.000558656951305,0,0,1494,215,19250,0
1763422179669,0.00013151515,9.7771085e-05,0.000562274481458,0,0,6076,215,19250,0
1763422179743,8.2943723e-05,9.3322877e-05,0.00056815382268,0,0,3832,215,19250,0
1763422179785,5.2640693e-05,8.1118221e-05,0.000572128615527,0,0,2432,215,19250,0
1763422179842,0.0001297619,9.5711326e-05,0.000577009893173,0,0,5995,215,19250,0
1763422179881,0.00014989177,0.00011196546,0.000582384235298,0,0,6925,215,19250,0
1763422179933,0.00011099567,0.00011167452,0.000587744612448,0,0,5128,215,19250,0
1763422179976,0.00011084416,0.00011142541,0.000592535905229,0,0,5121,215,19250,0
1763422180032,0.0001447619,0.00012142636,0.0005994572078,0,0,6688,215,19250,0
1763422180075,0.00012192641,0.00012157637,0.000604563415538,0,0,5633,215,19250,0
1763422180131,0.00011603896,0.00011991515,0.00061103883367,0,0,5361,215,19250,0
1763422180175,0.00011863636,0.00011953151,0.000616417751823,0,0,5481,215,19250,0
1763422180229,0.00010896104,0.00011636037,0.000622817572275,0,0,5034,215,19250,0
1763422180267,0.00010047619,0.00011159512,0.000627616162325,0,0,4642,215,19250,0
1763422180332,0.00011264069,0.00011190879,0.000633994963355,0,0,5204,215,19250,0
1763422180376,0.00010649351,0.0001102842,0.000639068036782,0,0,4920,215,19250,0
1763422180424,0.00010926407,0.00010997816,0.000644566944994,0,0,5048,215,19250,0
1763422180461,0.00011344156,0.00011101718,0.000649229666659,0,0,5241,215,19250,0
1763422180527,0.00010714286,0.00010985488,0.000655601249983,0,0,4950,215,19250,0
1763422180570,0.0001045671,0.00010826855,0.000660473334701,0,0,4831,215,19250,0
1763422180625,0.00011025974,0.00010886591,0.000666460959564,0,0,5094,215,19250,0
1763422180660,0.00010580087,0.00010794639,0.000671102654521,0,0,4888,215,19250,0
1763422180719,0.0001080303,0.00010797157,0.000676825147569,0,0,4991,215,19250,0
1763422180761,0.00010623377,0.00010745023,0.000681230606865,0,0,4908,215,19250,0
1763422180819,9.0822511e-05,0.00010246191,0.000687275859671,0,0,4196,215,19250,0
1763422180858,6.517316e-05,9.1275286e-05,0.000691018146415,0,0,3011,215,19250,0
1763422180918,6.7359307e-05,8.4100493e-05,0.000695643673514,0,0,3112,215,19250,0
1763422180957,9.9242424e-05,8.8643072e-05,0.000699543968689,0,0,4585,215,19250,0
1763422181017,5.3333333e-05,7.8050151e-05,0.000703914777118,0,0,2464,215,19250,0
1763422181059,4.9372294e-05,6.9446794e-05,0.000706900989246,0,0,2281,215,19250,0
1763422181112,8.5519481e-05,7.42686e-05,0.00071113429943,0,0,3951,215,19250,0
1763422181148,7.7792208e-05,7.5325682e-05,0.000713996675352,0,0,3594,215,19250,0
1763422181214,5.5844156e-05,6.9481224e-05,0.000718026586359,0,0,2580,215,19250,0
1763422181259,6.0800866e-05,6.6877117e-05,0.000720969179494,0,0,2809,215,19250,0
1763422181312,7.1731602e-05,6.8333462e-05,0.000724795853379,0,0,3314,215,19250,0
1763422181348,6.3203463e-05,6.6794463e-05,0.000727601220805,0,0,2920,215,19250,0
1763422181410,6.0411255e-05,6.48795e-05,0.000731104713825,0,0,2791,215,19250,0
1763422181453,6.3831169e-05,6.4565001e-05,0.000733945573866,0,0,2949,215,19250,0
1763422181510,5.6839827e-05,6.2247449e-05,0.000737431430993,0,0,2626,215,19250,0
1763422181548,5.3268398e-05,5.9553734e-05,0.00074005179527,0,0,2461,215,19250,0
1763422181607,5.0714286e-05,5.6901899e-05,0.000743238301626,0,0,2343,215,19250,0
1763422181643,4.7554113e-05,5.4097563e-05,0.000745456301717,0,0,2197,215,19250,0
1763422181704,4.3787879e-05,5.1004658e-05,0.000748261557901,0,0,2023,215,19250,0
1763422181742,4.0584416e-05,4.7878585e-05,0.000750272458479,0,0,1875,215,19250,0
1763422181801,3.8831169e-05,4.516436e-05,0.000752891991376,0,0,1794,215,19250,0
1763422181834,3.8138528e-05,4.3056611e-05,0.000754571199191,0,0,1762,215,19250,0
1763422181910,3.004329e-05,3.9152614e-05,0.000756959508673,0,0,1388,215,19250,0
1763422181957,3.3203463e-05,3.7367869e-05,0.000758753166389,0,0,1534,215,19250,0
1763422182001,4.3896104e-05,3.932634e-05,0.000760640830687,0,0,2028,215,19250,0
1763422182035,4.008658e-05,3.9554412e-05,0.00076234167039,0,0,1852,215,19250,0
1763422182086,5.3008658e-05,4.3590686e-05,0.000764826339468,0,0,2449,215,19250,0
1763422182117,6.7056277e-05,5.0630363e-05,0.000766446511085,0,0,3098,215,19250,0
1763422182147,5.5281385e-05,5.202567e-05,0.000768111332516,0,0,2554,215,19250,0
1763422182178,5.0497835e-05,5.1567319e-05,0.000769761486738,0,0,2333,215,19250,0
1763422182212,5.0844156e-05,5.135037e-05,0.000771610100071,0,0,2349,215,19250,0
1763422182253,5.2380952e-05,5.1659545e-05,0.00077326320551,0,0,2420,215,19250,0
1763422182289,4.6688312e-05,5.0168175e-05,0.000774868587109,0,0,2157,215,19250,0
1763422182316,3.8095238e-05,4.6546294e-05,0.000776497707397,0,0,1760,215,19250,0
1763422182383,3.508658e-05,4.310838e-05,0.000779299752082,0,0,1621,215,19250,0
1763422182423,3.6536797e-05,4.1136905e-05,0.000780616133035,0,0,1688,215,19250,0
1763422182455,3.1883117e-05,3.8360768e-05,0.000782035481467,0,0,1473,215,19250,0
1763422182509,2.7251082e-05,3.5027863e-05,0.000784102125359,0,0,1259,215,19250,0
1763422182544,2.8181818e-05,3.2974049e-05,0.000785289191132,0,0,1302,215,19250,0
1763422182586,2.7445887e-05,3.1315601e-05,0.000786291290355,0,0,1268,215,19250,0
1763422182615,2.5930736e-05,2.9700141e-05,0.000787390195582,0,0,1198,215,19250,0
1763422182675,2.2034632e-05,2.7400489e-05,0.000789006824404,0,0,1018,215,19250,0
1763422182715,2.3506494e-05,2.623229e-05,0.000789951186844,0,0,1086,215,19250,0
1763422182749,2.1363636e-05,2.4771694e-05,0.000790768652743,0,0,987,215,19250,0
1764176642318,0,0,0,0,0,0,215,19250,0
1764176642349,0,0,0,0,0,0,215,19250,0
1764176642431,0,0,0,0,0,0,215,19250,0
1764176642454,0,0,0,0,0,0,215,19250,0
1764176642511,0,0,0,0,0,0,215,19250,0
1764176642545,0,0,0,0,0,0,215,19250,0
1764176642578,0,0,0,0,0,0,215,19250,0
1764176642607,0,0,0,0,0,0,215,19250,0
1764176642641,0,0,0,0,0,0,215,19250,0
1764176642674,0,0,0,0,0,0,215,19250,0
1764176642728,0,0,0,0,0,0,215,19250,0
1764176642750,0,0,0,0,0,0,215,19250,0
1764176642807,0,0,0,0,0,0,215,19250,0
1764176642837,0,0,0,0,0,0,215,19250,0
1764176642877,0,0,0,0,0,0,215,19250,0
1764176642904,0,0,0,0,0,0,215,19250,0
1764176642937,0,0,0,0,0,0,215,19250,0
1764176642968,0,0,0,0,0,0,215,19250,0
1764176642999,0,0,0,0,0,0,215,19250,0
1764176643041,0,0,0,0,0,0,215,19250,0
1764176643068,0,0,0,0,0,0,215,19250,0
1764176643100,0,0,0,0,0,0,215,19250,0
1764176643130,0,0,0,0,0,0,215,19250,0
1764176643167,0,0,0,0,0,0,215,19250,0
1764176643199,0,0,0,0,0,0,215,19250,0
1764176643231,0,0,0,0,0,0,215,19250,0
1764176643265,0,0,0,0,0,0,215,19250,0
1764176643296,0,0,0,0,0,0,215,19250,0
1764176643330,0,0,0,0,0,0,215,19250,0
1764176643362,0,0,0,0,0,0,215,19250,0
1764176643395,0,0,0,0,0,0,215,19250,0
1764176643428,0,0,0,0,0,0,215,19250,0
1764176643464,0,0,0,0,0,0,215,19250,0
1764176643496,0,0,0,0,0,0,215,19250,0
1764176643527,0,0,0,0,0,0,215,19250,0
1764176643561,0,0,0,0,0,0,215,19250,0
1764176643591,0,0,0,0,0,0,215,19250,0
1764176643625,0,0,0,0,0,0,215,19250,0
1764176643663,0,0,0,0,0,0,215,19250,0
1764176643692,0,0,0,0,0,0,215,19250,0
1764176643724,0,0,0,0,0,0,215,19250,0
1764176643756,0,0,0,0,0,0,215,19250,0
1764176643790,0,0,0,0,0,0,215,19250,0
1764176643824,0,0,0,0,0,0,215,19250,0
1764176643859,0,0,0,0,0,0,215,19250,0
1764176643887,0,0,0,0,0,0,215,19250,0
1764176643919,0,0,0,0,0,0,215,19250,0
1764176643953,0,0,0,0,0,0,215,19250,0
1764176643987,0,0,0,0,0,0,215,19250,0
1764176644021,0,0,0,0,0,0,215,19250,0
1764176644054,0,0,0,0,0,0,215,19250,0
1764176644083,0,0,0,0,0,0,215,19250,0
1764176644115,0,0,0,0,0,0,215,19250,0
1764176644152,0,0,0,0,0,0,215,19250,0
1764176644184,0,0,0,0,0,0,215,19250,0
1764176644215,0,0,0,0,0,0,215,19250,0
1764176644250,0,0,0,0,0,0,215,19250,0
1764176644280,0,0,0,0,0,0,215,19250,0
1764176644317,0,0,0,0,0,0,215,19250,0
1764176644351,0,0,0,0,0,0,215,19250,0
1764176644382,0,0,0,0,0,9,215,19250,0
1764176644414,0,0,0,0,0,0,215,19250,0
1764176644451,0,0,0,0,0,0,215,19250,0
1764176644484,0,0,0,0,0,13,215,19250,0
1764176644514,0,0,0,0,0,29,215,19250,0
1764176644547,0,0,0,0,0,18,215,19250,0
1764176644578,0,0,0,0,0,1,215,19250,0
1764176644613,0,0,0,0,0,0,215,19250,0
1764176644649,0,0,0,0,0,13,215,19250,0
1764176644679,0,0,0,0,0,38,215,19250,0
1764176644711,0,0,0,0,0,49,215,19250,0
1764176644745,0,0,0,0,0,28,215,19250,0
1764176644778,0,0,0,0,0,25,215,19250,0
1764176644810,0,0,0,0,0,40,215,19250,0
1764176644844,0,0,0,0,0,42,215,19250,0
1764176644874,0,0,0,0,0,48,215,19250,0
1764176644906,0,0,0,0,0,47,215,19250,0
1764176644944,0,0,0,0,0,34,215,19250,0
1764176644973,0,0,0,0,0,41,215,19250,0
1764176645006,0,0,0,0,0,41,215,19250,0
1764176645038,0,0,0,0,0,45,215,19250,0
1764176645071,0,0,0,0,0,58,215,19250,0
1764176645107,0,0,0,0,0,56,215,19250,0
1764176645138,0,0,0,0,0,55,215,19250,0
1764176645169,0,0,0,0,0,41,215,19250,0
1764176645202,0,0,0,0,0,60,215,19250,0
1764176645238,0,0,0,0,0,61,215,19250,0
1764176645273,0,0,0,0,0,59,215,19250,0
1764176645302,0,0,0,0,0,48,215,19250,0
1764176645333,0,0,0,0,0,51,215,19250,0
1764176645382,0,0,0,0,0,45,215,19250,0
1764176645405,0,0,0,0,0,43,215,19250,0
1764176645472,0,0,0,0,0,46,215,19250,0
1764176645503,0,0,0,0,0,48,215,19250,0
1764176645530,0,0,0,0,0,45,215,19250,0
1764176645562,0,0,0,0,0,38,215,19250,0
1764176645599,0,0,0,0,0,38,215,19250,0
1764176645630,0,0,0,0,0,44,215,19250,0
1764176645663,0,0,0,0,0,40,215,19250,0
1764176645694,0,0,0,0,0,40,215,19250,0
1764176645729,0,0,0,0,0,34,215,19250,0
1764176645764,0,0,0,0,0,24,215,19250,0
1764176645796,0,0,0,0,0,32,215,19250,0
1764176645827,0,0,0,0,0,29,215,19250,0
1764176645860,0,0,0,0,0,29,215,19250,0
1764176645895,0,0,0,0,0,36,215,19250,0
1764176645926,0,0,0,0,0,38,215,19250,0
1764176645959,0,0,0,0,0,22,215,19250,0
1764176645990,0,0,0,0,0,22,215,19250,0
1764176646021,0,0,0,0,0,21,215,19250,0
1764176646061,0,0,0,0,0,13,215,19250,0
1764176646089,0,0,0,0,0,12,215,19250,0
1764176646121,0,0,0,0,0,14,215,19250,0
1764176646155,0,0,0,0,0,10,215,19250,0
1764176646185,0,0,0,0,0,5,215,19250,0
1764176646222,0,0,0,0,0,11,215,19250,0
1764176646255,0,0,0,0,0,15,215,19250,0
1764176646285,0,0,0,0,0,6,215,19250,0
1764176646317,0,0,0,0,0,4,215,19250,0
1764176646351,0,0,0,0,0,8,215,19250,0
1764176646387,0,0,0,0,0,9,215,19250,0
1764176646417,0,0,0,0,0,5,215,19250,0
1764176646451,0,0,0,0,0,3,215,19250,0
1764176646481,0,0,0,0,0,17,215,19250,0
1764176646514,0,0,0,0,0,3,215,19250,0
1764176646550,0,0,0,0,0,1,215,19250,0
1764176646581,0,0,0,0,0,8,215,19250,0
1764176646615,0,0,0,0,0,2,215,19250,0
1764176646649,0,0,0,0,0,0,215,19250,0
1764176646679,0,0,0,0,0,1,215,19250,0
1764176646714,0,0,0,0,0,2,215,19250,0
1764176646753,0,0,0,0,0,1,215,19250,0
